Id,Type,Dedication,BrandModel,ParkName,X,Y
718,PICNIC TABLE,,,Moody Park,-122.926020500001,49.2103531597575
902,PLANTING AREA,,,Moody Park,-122.925599099332,49.2118261902734
1173,LIGHTING,,,Terry Hughes Park,-122.911338600652,49.2211217299959
1175,BLEACHER,,,Terry Hughes Park,-122.911347219127,49.2211249416258
1179,LIGHTING,,,Terry Hughes Park,-122.912103100351,49.2207076501935
1181,LIGHTING,,,Terry Hughes Park,-122.911021199658,49.2212614199881
1182,PLANTING AREA,,,Terry Hughes Park,-122.911052900458,49.2212347302447
1183,PLANTING AREA,,,Terry Hughes Park,-122.911142700294,49.2211777000704
1186,PICNIC TABLE,,,Sullivan Park,-122.909909700508,49.2119668801056
1154,PLANTING AREA,,,Terry Hughes Park,-122.913408799437,49.2212741897771
1155,PLANTING AREA,,,Terry Hughes Park,-122.913296999911,49.221462689981
1156,PLANTING AREA,,,Terry Hughes Park,-122.912153899832,49.2219794097231
1157,PLANTING AREA,,,Terry Hughes Park,-122.911971500578,49.2219512002285
1165,BLEACHER,,,Terry Hughes Park,-122.911292447338,49.2214201963519
1167,PLANTING AREA,,,Terry Hughes Park,-122.911097800332,49.2213455901524
1169,DRINKING FOUNTAIN,,,Terry Hughes Park,-122.911154301969,49.2212695372246
645,PICNIC TABLE,,,Hume Park Lower,-122.890767500182,49.2336838601528
646,PICNIC TABLE,,,Hume Park Lower,-122.890788000255,49.2337112799748
648,PICNIC TABLE,,,Hume Park Lower,-122.891004671417,49.2336745096202
658,PICNIC TABLE,,,Hume Park Lower,-122.891110700395,49.2334340297663
659,PICNIC TABLE,,,Hume Park Lower,-122.891189714886,49.2334986874368
660,PICNIC TABLE,,,Hume Park Lower,-122.891118602211,49.2336086953463
661,PICNIC TABLE,,,Hume Park Lower,-122.891248621021,49.2335683580691
662,PLANTING AREA,,,Moody Park,-122.93028779985,49.2124669600487
668,BLEACHER,,,Moody Park,-122.92947924384,49.2119250583168
669,BLEACHER,,,Moody Park,-122.929245200497,49.2119440400678
670,BLEACHER,,,Moody Park,-122.929166063989,49.2119742508069
719,PICNIC TABLE,,,Moody Park,-122.926267100482,49.2101906700291
720,PICNIC TABLE,,,Moody Park,-122.926497900166,49.2102330895844
721,PLANTING AREA,,,Moody Park,-122.928561099894,49.2111110998589
723,BLEACHER,,,Moody Park,-122.928781486632,49.2115172975801
724,BLEACHER,,,Moody Park,-122.928869204662,49.2115201185806
725,BLEACHER,,,Moody Park,-122.928942672672,49.2115244941299
727,LIGHTING,,,Moody Park,-122.928473499787,49.2111031900634
728,LIGHTING,,,Moody Park,-122.92831840034,49.2113324602356
729,LIGHTING,,,Moody Park,-122.928114899713,49.211639959968
730,DRINKING FOUNTAIN,,,Moody Park,-122.927906145361,49.2117638442743
731,LIGHTING,,,Moody Park,-122.92790089975,49.2118653204175
732,LIGHTING,,,Moody Park,-122.927491099771,49.2119719899603
733,LIGHTING,,,Moody Park,-122.927077399373,49.2120557400955
734,LIGHTING,,,Moody Park,-122.927068399873,49.2122979198761
735,LIGHTING,,,Moody Park,-122.926724499725,49.2124580899584
736,LIGHTING,,,Moody Park,-122.926400099763,49.2126138799415
740,BLEACHER,,,Moody Park,-122.927591773849,49.2131249607587
741,BLEACHER,,,Moody Park,-122.927581809785,49.2132018695851
742,BLEACHER,,,Moody Park,-122.927642319339,49.2128321563591
746,BLEACHER,,,Moody Park,-122.927731599366,49.2133304601236
749,BLEACHER,,,Moody Park,-122.929108086323,49.2117630742947
750,BLEACHER,,,Moody Park,-122.929112200083,49.2117245374165
751,BLEACHER,,,Moody Park,-122.929120741183,49.2116893360082
752,BLEACHER,,,Moody Park,-122.92912853349,49.2116544741614
754,LIGHTING,,,Moody Park,-122.928133400172,49.2125670004017
755,LIGHTING,,,Moody Park,-122.927894999981,49.2127139400239
756,LIGHTING,,,Moody Park,-122.927606799509,49.2126593499827
757,LIGHTING,,,Moody Park,-122.927441399956,49.2125069101589
758,BLEACHER,,,Moody Park,-122.927887837246,49.2126824664494
759,BLEACHER,,,Moody Park,-122.927622215872,49.2126651508077
760,BLEACHER,,,Moody Park,-122.927514296017,49.2125531017369
813,PICNIC TABLE,,,Moody Park,-122.924619079245,49.2113662168761
814,PICNIC TABLE,,,Moody Park,-122.924618083027,49.2114245263721
816,PICNIC TABLE,,,Moody Park,-122.92474360061,49.2110251698075
817,LIGHTING,,,Moody Park,-122.924812913156,49.2111098974774
2083,MONUMENT,,,City Hall Grounds,-122.910565153566,49.2064925039989
819,LIGHTING,,,Moody Park,-122.924694781604,49.2111538506532
821,PICNIC TABLE,,,Moody Park,-122.92507911136,49.2110446198369
822,LIGHTING,,,Moody Park,-122.925049825937,49.2111921613249
824,LIGHTING,,,Moody Park,-122.925328700493,49.2110772400491
825,LIGHTING,,,Moody Park,-122.925550799757,49.2110649699171
826,PICNIC TABLE,,,Moody Park,-122.925545298787,49.2108533306509
828,LIGHTING,,,Moody Park,-122.925742900459,49.2109727299647
829,LIGHTING,,,Moody Park,-122.925685700045,49.210946009558
830,PICNIC TABLE,,,Moody Park,-122.925414699887,49.2106812403063
831,PICNIC TABLE,,,Moody Park,-122.925666200382,49.2106769695521
832,PICNIC TABLE,,,Moody Park,-122.926035800283,49.2105429296539
833,PICNIC TABLE,,,Moody Park,-122.926031700016,49.2103730204307
834,LIGHTING,,,Moody Park,-122.925866400121,49.2103954998281
836,PICNIC TABLE,,,Moody Park,-122.926503000493,49.2102240300768
838,PLANTING AREA,,,Moody Park,-122.926521000566,49.2099218196222
839,PLANTING AREA,,,Moody Park,-122.926585400669,49.2099083001737
840,PLANTING AREA,,,Moody Park,-122.926683100245,49.2099759402349
841,LIGHTING,,,Moody Park,-122.926714799813,49.2099822201728
842,LIGHTING,,,Moody Park,-122.927009900504,49.2099941098962
843,PLANTING AREA,,,Moody Park,-122.926857800158,49.2100179096673
844,PLANTING AREA,,,Moody Park,-122.92690050011,49.2099543103224
845,PLANTING AREA,,,Moody Park,-122.92674520039,49.2098622297107
847,PLANTING AREA,,,Moody Park,-122.926849799358,49.2097902302423
852,LIGHTING,,,Moody Park,-122.926375200546,49.2104506101601
853,LIGHTING,,,Moody Park,-122.926680199721,49.2103125798683
854,LIGHTING,,,Moody Park,-122.926799300302,49.2105992003053
855,LIGHTING,,,Moody Park,-122.926880600292,49.2109122500235
856,LIGHTING,,,Moody Park,-122.926356900068,49.2109127403912
857,LIGHTING,,,Moody Park,-122.926473999904,49.211000199707
858,LIGHTING,,,Moody Park,-122.926409399802,49.2110984599647
1196,PICNIC TABLE,,,Connaught Heights Park,-122.954784999389,49.2030389797439
1197,PICNIC TABLE,,,Connaught Heights Park,-122.954577999617,49.20306965975
1198,PICNIC TABLE,,,Connaught Heights Park,-122.954650499786,49.203351089965
1199,PICNIC TABLE,,,Connaught Heights Park,-122.954563300039,49.2034874999786
1200,PICNIC TABLE,,,Connaught Heights Park,-122.954359099399,49.2034757201852
1217,DRINKING FOUNTAIN,,,Connaught Heights Park,-122.954627699358,49.2032697797038
1221,LIGHTING,,2x4,Connaught Heights Park,-122.954955800461,49.2030939699751
1245,MONUMENT,"MEGAN'S PLACE IN MEMORY OF MEGAN GUNDERSON DEDICATED ON AUGUST 28, 1997 MEGAN'S PLAYGROUND ANGELS: NEW WESTMINSTER FIRE FIGHTERS CHARITABLE SOCIETY RONALD MCDONALD CHILDREN'S CHARITIES OF CANADA QUEENSBOROUGH SPECIAL PROGRAMS COMMITTEE CITY OF NEW WESTMINSTER",Plaque,Ryall Park Grounds,-122.942746599324,49.1858557797787
1255,PICNIC TABLE,,,Ryall Park Grounds,-122.942043499366,49.1850389601653
1256,MONUMENT,DEDICATED TO THE MEMORY OF ARRIGO SPAGNOL BY THE ROMA HALL MUTUAL AID SOCIETY - YEAR 1990,,Ryall Park Grounds,-122.942021900134,49.1850208903052
1257,PICNIC TABLE,,,Ryall Park Grounds,-122.941770900354,49.1853291499302
1258,PICNIC TABLE,,,Ryall Park Grounds,-122.941770400299,49.1854453899899
1259,PICNIC TABLE,,,Ryall Park Grounds,-122.941936800019,49.1854788698158
1260,PICNIC TABLE,,,Ryall Park Grounds,-122.94173640006,49.1855963701941
1261,PICNIC TABLE,,,Ryall Park Grounds,-122.941871500491,49.1856652804029
1262,PICNIC TABLE,,,Ryall Park Grounds,-122.942144199395,49.1854387998695
1263,PICNIC TABLE,,,Ryall Park Grounds,-122.942068299576,49.1857393199685
1264,PICNIC TABLE,,,Ryall Park Grounds,-122.942511300636,49.1854662003442
1267,DRINKING FOUNTAIN,,,Ryall Park Grounds,-122.942307099608,49.1852613199032
1282,PICNIC TABLE,,,Ryall Park Grounds,-122.942607699414,49.1859344999994
1303,PICNIC TABLE,,,Ryall Park Grounds,-122.94271489935,49.1857318696335
1304,PICNIC TABLE,,,Ryall Park Grounds,-122.942629999318,49.1857779204426
1305,PICNIC TABLE,,,Ryall Park Grounds,-122.94246660029,49.1857578398515
2024,MONUMENT,,,Grimston Park,-122.943603776049,49.2027362694691
2058,MONUMENT,,statue,Toronto Place Park,-122.914587076856,49.2040179484098
2067,MONUMENT,,Plaque,Hyack Square,-122.911229641265,49.2009203056052
2091,MONUMENT,,statue,Moody Park,-122.924372767295,49.2111593585727
1701,PLANTING AREA,,,City Hall Grounds,-122.9105278138,49.2065519753571
1702,PLANTING AREA,,,City Hall Grounds,-122.910722999966,49.2064415697165
1703,LIGHTING,,,City Hall Grounds,-122.911029517492,49.2063125771197
1704,PLANTING AREA,,,City Hall Grounds,-122.910937499892,49.2063733899588
1705,LIGHTING,,,City Hall Grounds,-122.91076954912,49.2064527967322
1706,LIGHTING,,,City Hall Grounds,-122.910595929788,49.2065478632791
1707,PLANTING AREA,,,City Hall Grounds,-122.910478000677,49.2066118004458
1708,LIGHTING,,,City Hall Grounds,-122.910704730538,49.2066431473427
1709,LIGHTING,,,City Hall Grounds,-122.910876526192,49.2065522449477
1710,PLANTING AREA,,,City Hall Grounds,-122.911636199858,49.2064728001711
1711,PLANTING AREA,,,City Hall Grounds,-122.91171120026,49.2065236395597
1712,PLANTING AREA,,,City Hall Grounds,-122.911573800069,49.2065935304389
1713,LIGHTING,,,City Hall Grounds,-122.911183600327,49.2068009602919
1714,PLANTING AREA,,,City Hall Grounds,-122.91114753037,49.2068416245631
1715,PLANTING AREA,,,City Hall Grounds,-122.910759401025,49.2070454114735
1716,PLANTING AREA,,,City Hall Grounds,-122.910635634646,49.2071916863044
1717,LIGHTING,,,City Hall Grounds,-122.910317699554,49.2066957002402
1718,PLANTING AREA,,,City Hall Grounds,-122.910133699588,49.2067285897503
1722,PLANTING AREA,,,Dunwood Place,-122.916930800523,49.2240368198478
1730,LIGHTING,,,Mercer Stadium,-122.927495000265,49.2171262896325
1733,LIGHTING,,,Mercer Stadium,-122.928254999783,49.2176808696391
1655,PLANTING AREA,,,Traffic Islands,-122.929589300144,49.2103019403344
1656,PLANTING AREA,,,Traffic Islands,-122.929782999556,49.2102183903721
1657,PLANTING AREA,,,Traffic Islands,-122.930132600486,49.2100000996126
1658,PLANTING AREA,,,Traffic Islands,-122.930556400622,49.2099140300931
1659,PLANTING AREA,,,Traffic Islands,-122.930473811618,49.2098547059556
1660,PLANTING AREA,,,Traffic Islands,-122.931248500615,49.209561940326
1661,PLANTING AREA,,,Traffic Islands,-122.931148300544,49.2094847100553
1662,PLANTING AREA,,,Traffic Islands,-122.927582299752,49.2101160298117
1673,PICNIC TABLE,,,Sinclair Park,-122.91793959963,49.2214690695528
1674,PLANTING AREA,,,Traffic Islands,-122.915753099384,49.2178573296669
1675,PLANTING AREA,,,Traffic Islands,-122.913792899687,49.2189064299892
1676,PLANTING AREA,,,Traffic Islands,-122.919434399723,49.215864779806
1677,PLANTING AREA,,,City Hall Grounds,-122.909661200277,49.206996330408
1678,LIGHTING,,,City Hall Grounds,-122.909684999574,49.2069811397763
1679,LIGHTING,,,City Hall Grounds,-122.909341900427,49.2071905099154
1680,PLANTING AREA,,,City Hall Grounds,-122.90909209982,49.2073270798248
1681,LIGHTING,,,City Hall Grounds,-122.909073400445,49.2073902201615
1682,LIGHTING,,,City Hall Grounds,-122.909190000324,49.2074978497216
1683,LIGHTING,,,City Hall Grounds,-122.90957089943,49.2073043602505
1684,LIGHTING,,,City Hall Grounds,-122.909847699621,49.2071291396141
1685,LIGHTING,,,City Hall Grounds,-122.910219399855,49.2071225099475
1686,LIGHTING,,,City Hall Grounds,-122.910016700457,49.2068151197488
1687,LIGHTING,,,City Hall Grounds,-122.910165686829,49.20693904065
1688,LIGHTING,,,City Hall Grounds,-122.910448398315,49.2067792042147
1689,LIGHTING,,,City Hall Grounds,-122.911149224964,49.2064031088591
1690,LIGHTING,,,City Hall Grounds,-122.911411023192,49.2062545592517
1691,PLANTING AREA,,,City Hall Grounds,-122.911503500596,49.2063487497121
1692,PLANTING AREA,,,City Hall Grounds,-122.911577400587,49.2064129103773
1612,LIGHTING,,,Traffic Islands,-122.951471999473,49.1827602103696
1613,LIGHTING,,,Traffic Islands,-122.951708800188,49.1826637303588
1614,LIGHTING,,,Traffic Islands,-122.951934900112,49.1825693898949
1615,PLANTING AREA,,,Traffic Islands,-122.951956199681,49.1825466801493
1633,MONUMENT,PORT ROYAL (BRIDGE SYMBOL) COMMUNITY GARDEN,,Port Royal,-122.925699699339,49.1955998698381
1637,DRINKING FOUNTAIN,,,Port Royal,-122.925610697148,49.1955743738086
1638,PLANTING AREA,,,Port Royal,-122.925784800423,49.1957512796573
1639,PLANTING AREA,,,Port Royal,-122.925792699999,49.1958556303398
1641,PLANTING AREA,,,Port Royal,-122.926675199649,49.1957732302146
1642,PLANTING AREA,,,Port Royal,-122.926689400025,49.1958626301308
1644,PLANTING AREA,,,Traffic Islands,-122.932317099438,49.206903889848
1645,PLANTING AREA,,,Traffic Islands,-122.93222730036,49.2069679898266
1646,PLANTING AREA,,,Traffic Islands,-122.933751399761,49.2081215595752
1647,PLANTING AREA,,,Traffic Islands,-122.938409199576,49.2117625001356
1648,PLANTING AREA,,,Traffic Islands,-122.938507799854,49.2119789297621
1654,PLANTING AREA,,,Traffic Islands,-122.92869502396,49.2109032052763
1553,PLANTING AREA,,,Waterfront Esplanade,-122.920764600648,49.19815138977
1554,LIGHTING,,,Waterfront Esplanade,-122.920630399927,49.1980654401167
1555,PLANTING AREA,,,Waterfront Esplanade,-122.920528299783,49.1981443001356
1573,LIGHTING,,,Waterfront Esplanade,-122.916398400486,49.1979915804135
1574,LIGHTING,,,Waterfront Esplanade,-122.916149600289,49.1979950800393
1575,LIGHTING,,,Waterfront Esplanade,-122.915910800598,49.1979891800171
1576,LIGHTING,,,Waterfront Esplanade,-122.91539440013,49.1979625402008
1577,LIGHTING,,,Waterfront Esplanade,-122.915142300257,49.197961980155
1578,LIGHTING,,,Waterfront Esplanade,-122.914882000648,49.197994769917
1579,LIGHTING,,,Waterfront Esplanade,-122.914662500432,49.1980926100272
1580,LIGHTING,,,Waterfront Esplanade,-122.914372700137,49.1981970397577
1581,LIGHTING,,,Waterfront Esplanade,-122.914165699981,49.1983060702536
1582,LIGHTING,,,Waterfront Esplanade,-122.913927499769,49.1984341300905
1583,LIGHTING,,,Waterfront Esplanade,-122.913553499365,49.1986553898958
1584,LIGHTING,,,Waterfront Esplanade,-122.913717499594,49.1985306297792
1595,PLANTING AREA,,,Traffic Islands,-122.955668600677,49.2010407203134
1596,PLANTING AREA,,,Traffic Islands,-122.954834900568,49.2003747998003
1597,PLANTING AREA,,,Traffic Islands,-122.953738999887,49.2021011302804
1598,PLANTING AREA,,,Traffic Islands,-122.952918299876,49.2014651403231
1599,PLANTING AREA,,,Traffic Islands,-122.950981099323,49.2024994497599
1600,PLANTING AREA,,,Traffic Islands,-122.951747799511,49.2031344899138
1601,PLANTING AREA,,,Traffic Islands,-122.953358099519,49.204419300322
1602,PLANTING AREA,,,Traffic Islands,-122.951708799815,49.2053114299698
1603,PLANTING AREA,,,Traffic Islands,-122.951225500084,49.2045135303397
1604,PLANTING AREA,,,Traffic Islands,-122.950274500278,49.2039793601034
1605,PLANTING AREA,,,Traffic Islands,-122.949826500032,49.2031631497965
1606,PLANTING AREA,,,Traffic Islands,-122.949778700545,49.2031256402156
1607,PLANTING AREA,,,Traffic Islands,-122.947742399626,49.202075230069
1608,PLANTING AREA,,,Traffic Islands,-122.95085029957,49.1830053202935
1609,LIGHTING,,,Traffic Islands,-122.950766699557,49.1830313495548
1610,LIGHTING,,,Traffic Islands,-122.951005299793,49.1829495404432
1611,LIGHTING,,,Traffic Islands,-122.951241300239,49.1828509804345
1529,PLANTING AREA,,,Waterfront Esplanade,-122.922097500477,49.1983889701992
1528,PLANTING AREA,,,Waterfront Esplanade,-122.922141200601,49.1985313099182
1535,LIGHTING,,,Waterfront Esplanade,-122.921736400457,49.1994425199045
1536,LIGHTING,,,Waterfront Esplanade,-122.921840799408,49.1992746896228
1537,PLANTING AREA,,,Waterfront Esplanade,-122.921827500284,49.1992384997042
1538,LIGHTING,,,Waterfront Esplanade,-122.921839999726,49.1992142100436
1539,LIGHTING,,,Waterfront Esplanade,-122.921897699571,49.1991466097726
1540,LIGHTING,,,Waterfront Esplanade,-122.92188460032,49.198970429646
1541,LIGHTING,,,Waterfront Esplanade,-122.921962099689,49.1988283498993
1542,LIGHTING,,,Waterfront Esplanade,-122.923337000461,49.1994686803853
1543,LIGHTING,,,Waterfront Esplanade,-122.922020500388,49.1984961701828
1544,LIGHTING,,,Waterfront Esplanade,-122.922025099746,49.1983331504403
1545,LIGHTING,,,Waterfront Esplanade,-122.922040899697,49.198155400342
1546,LIGHTING,,,Waterfront Esplanade,-122.921791399474,49.1981142202626
1547,LIGHTING,,,Waterfront Esplanade,-122.921536300519,49.19810782969
1552,LIGHTING,,,Waterfront Esplanade,-122.920883299568,49.1980528996595
1571,LIGHTING,,,Waterfront Esplanade,-122.916653600188,49.1979838300892
1515,LIGHTING,,,Waterfront Esplanade,-122.92358389982,49.1985838003431
1516,LIGHTING,,,Waterfront Esplanade,-122.923556999831,49.1986497001495
1517,LIGHTING,,,Waterfront Esplanade,-122.923378900677,49.1986224702853
1523,LIGHTING,,,Waterfront Esplanade,-122.922395199597,49.1982350000379
1518,LIGHTING,,,Waterfront Esplanade,-122.923386099888,49.1985720698602
1519,LIGHTING,,,Waterfront Esplanade,-122.92313379967,49.1984932400707
1520,LIGHTING,,,Waterfront Esplanade,-122.922865100276,49.1984538099164
1521,PLANTING AREA,,,Waterfront Esplanade,-122.922501800631,49.1983010899723
1525,PLANTING AREA,,,Waterfront Esplanade,-122.922199100246,49.1981019003789
1526,PLANTING AREA,,,Waterfront Esplanade,-122.922333100264,49.1982178897012
1567,LIGHTING,,,Waterfront Esplanade,-122.917855000013,49.1980013797782
1568,LIGHTING,,,Waterfront Esplanade,-122.91761160021,49.1980030099728
1569,LIGHTING,,,Waterfront Esplanade,-122.917352999614,49.1979973003013
1570,LIGHTING,,,Waterfront Esplanade,-122.91709920027,49.1979868502712
1524,PLANTING AREA,,,Waterfront Esplanade,-122.922258699638,49.1981112299635
1501,LIGHTING,,,Waterfront Esplanade,-122.926059400222,49.198893230104
1951,PICNIC TABLE,,,Glenbrook Ravine,-122.899681199599,49.2183398597539
1952,PICNIC TABLE,,,Glenbrook Ravine,-122.899665700639,49.2183905301781
21,PICNIC TABLE,,,Queens Park,-122.904348200547,49.2141977997678
22,PICNIC TABLE,,,Queens Park,-122.904680900263,49.2140751803353
24,DRINKING FOUNTAIN,,,Queens Park,-122.905095263763,49.2142703845388
355,PICNIC TABLE,"BIANCA ANITA BONAMIN MARCH 28, 2003 ANGELS ARE HARD TO FIND...LULLABY & GOODNIGHT FOREVER LOVED MAMA, PAPA, KIANA, MATTEO & GRANDPARENTS",,Waterfront Esplanade,-122.922410299453,49.1983389698467
356,PICNIC TABLE,"CAPTAIN JOCELYN ROBERTS 1969 - 2005 FOREVER SAFE IN THE HEARTS OF ALL WHO LOVED YOU GRANDMA, MOM, DAD, JAYE, BRIER AND JAS",Plaque,Waterfront Esplanade,-122.922402600532,49.1983615995657
378,DRINKING FOUNTAIN,,,Waterfront Esplanade,-122.922109786979,49.1982238390391
1498,PLANTING AREA,,,Waterfront Esplanade,-122.926304899968,49.1990996097906
1499,PLANTING AREA,,,Waterfront Esplanade,-122.926442699656,49.1991627304367
1500,PLANTING AREA,,,Waterfront Esplanade,-122.927216499808,49.1995417601811
1522,PLANTING AREA,,,Waterfront Esplanade,-122.922398400231,49.1982238399116
1556,LIGHTING,,,Waterfront Esplanade,-122.920374299356,49.1980590399925
1557,PLANTING AREA,,,Waterfront Esplanade,-122.920414200554,49.1980540400159
1558,PLANTING AREA,,,Waterfront Esplanade,-122.920185600452,49.1980530996808
1514,LIGHTING,,,Waterfront Esplanade,-122.923797800423,49.1984628702315
1503,LIGHTING,,,Waterfront Esplanade,-122.925774299586,49.1989869699274
1504,LIGHTING,,,Waterfront Esplanade,-122.925506100225,49.1988591097903
1505,LIGHTING,,,Waterfront Esplanade,-122.925560600144,49.1988182495673
1506,LIGHTING,,,Waterfront Esplanade,-122.925360100679,49.1986857596376
114,PICNIC TABLE,,,Queens Park,-122.908524300637,49.2170948103201
1789,MONUMENT,"IN RECOGNITION OF ANNE MONK PRESIDENT OF ROYAL CITY YOUTH SOCCER CLUB 1995 - 1999 ANNE'S COMMITMENT TO COMMUNITY SPORTS AND HER BELIEF IN THE ACCESSIBILITY OF FACILITIES FOR ALL, WAS AN INSPIRATION TO OUR COMMUNITY. THE SIGNIFICANT GROWTH OF YOU",Plaque,Canada Games Pool,-122.90838210024,49.2210048798521
1817,PLANTING AREA,,,Begbie Place,-122.911017799805,49.2040878396182
1818,PLANTING AREA,,,Begbie Place,-122.910875400534,49.2040459700551
1819,PLANTING AREA,,,Begbie Place,-122.910846800213,49.2039996995552
115,PICNIC TABLE,,,Queens Park,-122.909241500243,49.2172942202722
116,PICNIC TABLE,,,Queens Park,-122.909358800077,49.2171085895697
117,PICNIC TABLE,,,Queens Park,-122.909267199691,49.2170306698195
1153,MONUMENT,"TERENCE EDMUND HUGHES DECEMBER 17, 1940 – NOVEMBER 8, 1959 THIS PARK IS DEDICATED TO THE MEMORY OF TERRY HUGHES,  WHO LOST HIS LIFE IN AN ATTEMPT TO SAVE A YOUNG GIRL FROM  DROWNING IN THE FRASER RIVER.  THIS PLAQUE COMMEMORATES HIS BRAVERY AND COURAGE IN THAT SELFLESS ACT AND WILL ENSURE THAT HIS SACRIFICE IS REMEMBERED BY FUTURE GENERATIONS",Plaque,Terry Hughes Park,-122.913531399871,49.2212819599785
1971,MONUMENT,"IN RECOGNITION OF FIN DONNELLY'S FRASER 2000 SPIRIT OF THE SALMON SWIM FRASER RIVER HEADWATERS TO GRANVILLE ISLAND SEPTEMBER, 2000",Plaque,Sapperton Landing Park - GVRD,-122.892715825377,49.2177428096473
1947,PLANTING AREA,,,Glenbrook Ravine,-122.897007499363,49.2164655696266
1948,PLANTING AREA,,,Glenbrook Ravine,-122.89693430021,49.2165080304214
1950,PICNIC TABLE,,,Glenbrook Ravine,-122.899576999376,49.2183493203974
1957,PLANTING AREA,,,Traffic Islands,-122.8964014996,49.2320716403893
1944,PLANTING AREA,,,Glenbrook Ravine,-122.896252100328,49.2161588202351
1945,PLANTING AREA,,,Glenbrook Ravine,-122.896188500434,49.2161718800121
1946,PLANTING AREA,,,Glenbrook Ravine,-122.89642879939,49.2163133198181
1923,PLANTING AREA,,,Glenbrook Ravine,-122.895955699632,49.2162878203112
1926,PLANTING AREA,,,Glenbrook Ravine,-122.896124299995,49.2162965499497
1927,PLANTING AREA,,,Glenbrook Ravine,-122.896265300666,49.2162859803734
1928,PLANTING AREA,,,Glenbrook Ravine,-122.896659800307,49.2164628600471
1939,PLANTING AREA,,,Glenbrook Ravine,-122.896775299957,49.2164597996789
1940,PLANTING AREA,,,Glenbrook Ravine,-122.89670769936,49.2164335395977
1941,MONUMENT,,,Glenbrook Ravine,-122.896413000426,49.216208599693
1942,PLANTING AREA,,,Glenbrook Ravine,-122.896560599399,49.2163227498325
1943,PLANTING AREA,,,Glenbrook Ravine,-122.896378399762,49.2162244102467
1865,PLANTING AREA,,,Sapperton Plaza,-122.892981300026,49.2284937997653
1866,PLANTING AREA,,,Sapperton Plaza,-122.893128799997,49.228441070269
1867,PLANTING AREA,,,Sapperton Plaza,-122.892969400129,49.2283926999969
1869,LIGHTING,,,Sapperton Plaza,-122.893116999823,49.2283610995762
1870,LIGHTING,,,Sapperton Plaza,-122.893160199448,49.2285269797686
1871,LIGHTING,,,Sapperton Plaza,-122.892929200059,49.2285246897877
1879,PLANTING AREA,,,Sapperton Plaza,-122.893277399821,49.2284399896906
1880,LIGHTING,,,Sapperton Plaza,-122.893318200144,49.2284695498235
1882,PLANTING AREA,,,Traffic Islands,-122.904829000273,49.2217162398062
1883,PLANTING AREA,,,Traffic Islands,-122.904692500161,49.2216546104049
1889,PLANTING AREA,,,Sunset Park,-122.898630899899,49.2296347998116
1890,PLANTING AREA,,,Sapperton Triangle,-122.893071299755,49.2321650997967
1892,PLANTING AREA,,,Traffic Islands,-122.887644200333,49.2296484199495
1893,PLANTING AREA,,,Traffic Islands,-122.888915299745,49.2296575596723
1894,PLANTING AREA,,,Traffic Islands,-122.890201499331,49.2296875003994
1824,PLANTING AREA,,,Begbie Place,-122.910526100607,49.2037800103613
1825,MONUMENT,"HIS LORDSHIP THE HONORABLE SIR MATTHEW BAILLIE BEGBIE 1819 - 1894 - JUDGE OF THE COLONY OF BRITISH COLUMBIA NOVEMBER 19, 1858 CHEIF JUSTICE, MAINLAND OF BRITISH COLUMBIA 1869 CHIEF JUSTICE, BRITISH COLUMBIA MARCH 29, 1870 - JUNE 11, 1894PLAQUE 2:",Plaque,Begbie Place,-122.910368999866,49.2037791896234
1827,PLANTING AREA,,,Begbie Place,-122.91038850029,49.2038499797658
1828,PLANTING AREA,,,Begbie Place,-122.910311200423,49.2037725296138
1835,PLANTING AREA,,,Hyack Square,-122.910965400028,49.2008110098757
1836,PLANTING AREA,,,Hyack Square,-122.911380400262,49.2010711196897
1837,PLANTING AREA,,,Hyack Square,-122.911388699746,49.2011064802971
1838,PLANTING AREA,,,Hyack Square,-122.911310600225,49.2011199996638
1839,PLANTING AREA,,,Hyack Square,-122.911325500231,49.201080619772
1840,LIGHTING,,,Hyack Square,-122.911436900097,49.2011758296735
1845,LIGHTING,,,Hyack Square,-122.911776000339,49.2009914102153
1846,LIGHTING,,,Hyack Square,-122.911880799522,49.2009359001414
1847,LIGHTING,,,Hyack Square,-122.912102899624,49.2008010399733
1848,LIGHTING,,,Hyack Square,-122.912232699971,49.2007382102329
1849,PLANTING AREA,,,Hyack Square,-122.91161670065,49.2010046896306
1851,PLANTING AREA,,,Hyack Square,-122.910963699679,49.2008864602714
1854,PLANTING AREA,,,Sapperton Plaza,-122.893218900027,49.2282782296198
1780,PLANTING AREA,,,Canada Games Pool,-122.9074957005,49.2211878298897
1783,PLANTING AREA,,,Canada Games Pool,-122.907073200429,49.2214540197769
1784,PLANTING AREA,,,Canada Games Pool,-122.907296199335,49.2213404798332
1785,PLANTING AREA,,,Canada Games Pool,-122.907341399398,49.2212407900194
1788,DRINKING FOUNTAIN,,,Canada Games Pool,-122.908225494717,49.2210876118876
1794,LIGHTING,,,Canada Games Pool,-122.908319699768,49.221050160218
1795,LIGHTING,,,Canada Games Pool,-122.908998600118,49.2206937196657
1797,LIGHTING,,,Canada Games Pool,-122.909618099439,49.2211764200923
1798,LIGHTING,,,Canada Games Pool,-122.90894379964,49.2215488695705
1799,PLANTING AREA,,,Canada Games Athletic Field,-122.908098000127,49.2199250900934
1736,LIGHTING,,,Mercer Stadium,-122.927241500481,49.2182543304258
1741,PLANTING AREA,,,Moody Park Arena Grounds,-122.925891600245,49.21507427017
1742,PLANTING AREA,,,Moody Park Arena Grounds,-122.92613610058,49.2151448400337
1744,PLANTING AREA,,,Moody Park Arena Grounds,-122.926780099844,49.2158215197017
1749,PICNIC TABLE,,,Lookout Park,-122.937648100487,49.2031308703787
1752,PLANTING AREA,,,Traffic Islands,-122.946311299412,49.2013938003389
1753,PLANTING AREA,,,Traffic Islands,-122.946269799679,49.2013423297145
1757,PLANTING AREA,,,Canada Games Pool,-122.906829199856,49.2212652400613
1758,PLANTING AREA,,,Canada Games Pool,-122.90701279942,49.221284660371
1759,PLANTING AREA,,,Canada Games Pool,-122.907161999596,49.2213356198542
1762,PLANTING AREA,,,Canada Games Pool,-122.906719199336,49.2211879997392
1763,PLANTING AREA,,,Canada Games Pool,-122.906319100547,49.2208786802649
1768,PLANTING AREA,,,Canada Games Pool,-122.907163500492,49.2212799601187
1769,PLANTING AREA,,,Canada Games Pool,-122.907126999943,49.2212381504397
1770,PLANTING AREA,,,Canada Games Pool,-122.906996700077,49.2212072403983
1771,PLANTING AREA,,,Canada Games Pool,-122.906886500309,49.2212177102717
1772,PLANTING AREA,,,Canada Games Pool,-122.907034900579,49.2213581596342
1773,PLANTING AREA,,,Canada Games Pool,-122.90688410018,49.2213110702621
1693,PLANTING AREA,,,City Hall Grounds,-122.911380800329,49.206489889862
1694,LIGHTING,,,City Hall Grounds,-122.911287693948,49.206158669201
1695,PLANTING AREA,,,City Hall Grounds,-122.911259563229,49.2061467477162
1696,PLANTING AREA,,,City Hall Grounds,-122.910975900589,49.2059474401612
1697,LIGHTING,,,City Hall Grounds,-122.910378899317,49.2062311803468
1698,LIGHTING,,,City Hall Grounds,-122.91029450038,49.2062829601133
1699,LIGHTING,,,City Hall Grounds,-122.91046003009,49.2063728265126
1700,LIGHTING,,,City Hall Grounds,-122.910538208629,49.2063270722541
1565,LIGHTING,,,Waterfront Esplanade,-122.918358700016,49.1980170199435
1566,LIGHTING,,,Waterfront Esplanade,-122.918106900496,49.1980114400029
1502,LIGHTING,,,Waterfront Esplanade,-122.925813599471,49.1989454503557
1513,LIGHTING,,,Waterfront Esplanade,-122.923984699653,49.1984863101227
1561,LIGHTING,,,Waterfront Esplanade,-122.919604399846,49.1980392603003
1562,LIGHTING,,,Waterfront Esplanade,-122.919355499411,49.1980199798489
1563,LIGHTING,,,Waterfront Esplanade,-122.919105400661,49.1980277496105
1564,LIGHTING,,,Waterfront Esplanade,-122.91884660062,49.1980288202083
25,MONUMENT,"THIS MEMORIAL ERECTED 1967 BY NATIVE SONS AND NATIVE DAUGHTERS POST NO.4 IN GRATEFUL REMEMBERANCE OF ""MR. MAY DAY"" JOHN JOSEPH ""J.J"" JOHNSTON 1870 ~ 1966",,Queens Park,-122.905090599367,49.214271100329
33,MONUMENT,"MAQUABEAK TOTEM IN MEMORY OF DOROTHY MQAUBEAK FRANCAIS, C.M. 1912 - 1990 FOR A LIFETIME OF SERVICE TO HUMANITY. MEMBER OF THE ORDER OF CANADA, SOCIAL REFORMER, AUTHOR, NATIVE DANCER, ARTIST, TEACHER, BAHA'I, RESPECTED ELDER ""YE ARE THE FRUITS OF ONE TREE AND THE LEAVES OF ONE BRANCH"" DEDICATED OCTOBER 22, 1994 BY HER FAMILY, FRIENDS AND THE CITY OF NEW WESTMINSTER CARVED BY NORBERT COURVILLE",,Queens Park,-122.906365999931,49.2141440304062
35,PICNIC TABLE,,,Queens Park,-122.908485400222,49.2171170302278
36,PICNIC TABLE,,,Queens Park,-122.908285161457,49.2169515301044
1559,PLANTING AREA,,,Waterfront Esplanade,-122.92006249991,49.1980499399528
1560,LIGHTING,,,Waterfront Esplanade,-122.919847299338,49.1980567999566
1509,LIGHTING,,,Waterfront Esplanade,-122.925091900382,49.1986148397213
1510,LIGHTING,,,Waterfront Esplanade,-122.924809300564,49.1985781504428
1511,LIGHTING,,,Waterfront Esplanade,-122.92453389971,49.1985259095925
1512,LIGHTING,,,Waterfront Esplanade,-122.924238799842,49.1985243895951
296,MONUMENT,,,Sapperton Landing Park - GVRD,-122.89418330003,49.2137243197684
1,PICNIC TABLE,,,Queens Park,-122.907861699367,49.2162772901941
6,MONUMENT,,Plaque,Queens Park,-122.907762199864,49.2178157595844
268,PICNIC TABLE,,,Sapperton Landing Park - GVRD,-122.892973099405,49.2174445301126
269,PICNIC TABLE,,,Sapperton Landing Park - GVRD,-122.893020300589,49.2174772401897
270,PICNIC TABLE,,,Sapperton Landing Park - GVRD,-122.893058400258,49.2174476297303
271,PICNIC TABLE,,,Sapperton Landing Park - GVRD,-122.892998999997,49.2174065301669
275,MONUMENT,,,Sapperton Landing Park - GVRD,-122.892920599708,49.2174694199669
287,MONUMENT,,,Sapperton Landing Park - GVRD,-122.893725400067,49.2147492195501
292,MONUMENT,,,Sapperton Landing Park - GVRD,-122.893853000418,49.2144066597839
234,DRINKING FOUNTAIN,"MONUMENT WITH DRINKING FOUNTAIN""TIM"" - TIMOTHY JACKSON MAHONY - 1924",,City Hall Grounds,-122.911524889257,49.2063899348634
197,MONUMENT,"GOVERNMENT OF CANADA (CANADA FLAG/LEAF SYMBOL) GOUVERNMENT DU CANADA COSMIC MAYPOLE ARBRE DE MAI COSMIQUE CREATED FOR HABITAT FORUM CREE POUR LE FORUM D'HABITAT VANCOUVER 1976 VANCOUVER 1976 GEORGANNA MALLOFF, ARTIST GEORGANNA MALLOFF, ARTISTE ERECTED MAY 1980 BY THE CITY OF NEW WESTMINSTER",,Friendship Gardens,-122.910177700505,49.2072144301182
200,MONUMENT,"FRIENDSHIP GARDEN DEVELOPED IN HONOUR OF NEW WESTMINSTER'S SISTER CITY MORIGUCHI, JAPAN 1963 MRS. E. WOOD MAYOR GORDON SALES PARKS DIRECTOR",,Friendship Gardens,-122.90969610038,49.2073040102361
202,PICNIC TABLE,,,Tipperary Park East,-122.908897469834,49.2088458121622
203,PICNIC TABLE,,,Tipperary Park East,-122.908765118335,49.2087165919873
205,PICNIC TABLE,,,Tipperary Park East,-122.909154604595,49.2087752091482
207,PICNIC TABLE,,,Tipperary Park East,-122.909361532693,49.2083487547186
123,PICNIC TABLE,,,Queens Park,-122.910288901046,49.2174679133152
124,PICNIC TABLE,,,Queens Park,-122.911092399799,49.2174240600956
437,PLANTING AREA,,,Queens Park,-122.907246000399,49.2157955796494
446,PLANTING AREA,,,Queens Park,-122.903622099368,49.2153995100999
216,MONUMENT,MAY PEACE PREVAIL ON EARTH (SIDE A); ASIAN CHARACTERS (SIDE B): PUISSE LA PAIX RÉGNER DANS LA MONDE (SIDE C); PAZ A TODOS LOS HOMBRES (SIDE D),,Friendship Gardens,-122.910550099638,49.2077796298158
188,PICNIC TABLE,,,Friendship Gardens,-122.911213895919,49.2074672101142
189,PICNIC TABLE,,,Friendship Gardens,-122.911050404344,49.2074843390989
190,PICNIC TABLE,,,Friendship Gardens,-122.91095941061,49.2075854201611
191,DRINKING FOUNTAIN,GYRO CLUB 1974,,Friendship Gardens,-122.910596029956,49.2075278790323
102,PICNIC TABLE,,,Queens Park,-122.909148500667,49.2160054502337
105,PICNIC TABLE,,,Queens Park,-122.909417800498,49.2165438798803
106,PICNIC TABLE,,,Queens Park,-122.909724100374,49.2163662497177
107,MONUMENT,,,Queens Park,-122.909093800269,49.2167721396156
108,PICNIC TABLE,,,Queens Park,-122.908991299592,49.2168279897471
109,PICNIC TABLE,,,Queens Park,-122.90870064681,49.2166508457398
110,PICNIC TABLE,,,Queens Park,-122.907986200639,49.2168325303835
118,PICNIC TABLE,,,Queens Park,-122.909814993143,49.2171181200235
120,PICNIC TABLE,,,Queens Park,-122.909723500111,49.2169521999117
121,PICNIC TABLE,,,Queens Park,-122.910017465416,49.2169187770453
122,PICNIC TABLE,,,Queens Park,-122.90998343866,49.2172618925092
129,PICNIC TABLE,,,Queens Park,-122.907593000129,49.2148755298794
130,PICNIC TABLE,,,Queens Park,-122.907803400166,49.2148210597641
131,PICNIC TABLE,,,Queens Park,-122.908034499961,49.2148054797572
133,DRINKING FOUNTAIN,,,Queens Park,-122.905723176082,49.2155725231881
141,MONUMENT,ERECTED BY NEW WESTMINSTER ROTARY CLUB COMMEMORATING CENTENNIAL YEAR CITY OF NEW WESTMINSTER 1860 1960,,Queens Park,-122.906792299915,49.2161066202437
142,MONUMENT,,,Queens Park,-122.906739199967,49.2161470003727
150,PICNIC TABLE,,,Queens Park,-122.9039044004,49.214559280149
435,LIGHTING,,,Queens Park,-122.907295399569,49.215733579757
436,PLANTING AREA,,,Queens Park,-122.90726889999,49.2157421004047
447,LIGHTING,,,Queens Park,-122.903826100071,49.2152461099919
448,LIGHTING,,,Queens Park,-122.904321600628,49.2154003200982
449,LIGHTING,,,Queens Park,-122.904614973346,49.2156334415521
450,LIGHTING,,,Queens Park,-122.905465899648,49.2151800898845
454,LIGHTING,,,Queens Park,-122.903929199737,49.2149108399977
455,LIGHTING,,,Queens Park,-122.904275700587,49.214644739585
457,LIGHTING,,,Queens Park,-122.904545400537,49.2145518598018
458,LIGHTING,,,Queens Park,-122.905208400286,49.2150068995982
459,LIGHTING,,,Queens Park,-122.904905400219,49.2147609102464
462,LIGHTING,,,Queens Park,-122.904776399887,49.2144726500041
463,LIGHTING,,,Queens Park,-122.905022800135,49.2143234097403
464,LIGHTING,,,Queens Park,-122.905178799961,49.2144807601505
465,LIGHTING,,,Queens Park,-122.905363499939,49.2143856902592
466,LIGHTING,,,Queens Park,-122.905171500371,49.2142382404402
467,LIGHTING,,,Queens Park,-122.90550589998,49.2142371498977
468,LIGHTING,,,Queens Park,-122.905456200342,49.2141056800515
472,LIGHTING,,,Queens Park,-122.907115700085,49.214893109738
476,LIGHTING,,,Queens Park,-122.906682100277,49.2146897097616
477,LIGHTING,,,Queens Park,-122.906197000622,49.2145594996313
478,LIGHTING,,,Queens Park,-122.905896799989,49.2143110801116
100,PICNIC TABLE,,,Queens Park,-122.908876300481,49.2163107200174
101,PICNIC TABLE,,,Queens Park,-122.908725099858,49.2162176704086
75,MONUMENT,SPRAY POOL PROJECT OF ROTARY CLUB OF NEW WESTMINSTER AUG 1985,,Queens Park,-122.907852600501,49.2163742601438
78,PICNIC TABLE,,,Queens Park,-122.907710602918,49.2165482863905
79,PICNIC TABLE,,,Queens Park,-122.907762545509,49.2166308352765
80,PICNIC TABLE,,,Queens Park,-122.907922263891,49.2165956832188
85,MONUMENT,"QUEEN'S PARK SPRAY POOL OPENED SEPTEMBER 1983 PROJECT OF NEW WESTMINSTER ROTARY CLUB RECEIVED CITATION AWARD B.C. SOCIETY OF LANDSCAPE ARCHITECTS DESIGNED BY GUNTER EDEL PARKS DIRECTOR, 1971 - 1990 GUNTER EDEL'S UNIQUE & TREND-SETTING DESIGNS OF SPRAY POOLS, PLAYGROUNDS AND LANDSCAPES REFLECTED HIS PASSION FOR CHILDREN'S ADVENTURE AND ENJOYMENT IN NEW WESTMINSTER'S PARKS.",,Queens Park,-122.90799729979,49.2163657697007
86,DRINKING FOUNTAIN,,,Queens Park,-122.908324065408,49.2163326570142
90,PICNIC TABLE,,,Queens Park,-122.908304434261,49.2164613926636
885,PLANTING AREA,,,Moody Park,-122.925307700078,49.2118238496398
890,PLANTING AREA,,,Moody Park,-122.925808599949,49.2122178304367
891,MONUMENT,CENTURY HOUSE CELEBRATING FORTY YEARS OF SERVICE WITH SENIORS 1958 - 1998 COMMEMORATING THE B.C. SENIORS GAMES HELD IN NEW WESTMINSTER SEPTEMBER 1997 ENRICHING LIVES THROUGH FRIENDSHIP AND PARTICIPATION,,Moody Park,-122.92592029937,49.2121175804085
892,PLANTING AREA,,,Moody Park,-122.925935500002,49.2120901599328
895,PLANTING AREA,,,Moody Park,-122.925940200149,49.2120366796776
896,PLANTING AREA,,,Moody Park,-122.925908499705,49.2120834600195
897,PLANTING AREA,,,Moody Park,-122.925819200157,49.2119982704235
898,PLANTING AREA,,,Moody Park,-122.925726199387,49.2119148099698
899,PLANTING AREA,,,Moody Park,-122.925690000581,49.2118920996777
900,PLANTING AREA,,,Moody Park,-122.925641700057,49.211866569658
56,MONUMENT,"THE HERB HOUSE ROSE GARDEN DEDICATED TO THE VISION, INTEGRITY AND LEADERSHIP WHICH CHARACTERIZED HERB'S SERVICE TO HIS COMMUNITY JULY 1981",,Queens Park,-122.907032807715,49.2150880868428
58,PICNIC TABLE,,,Queens Park,-122.907906200156,49.2162160696273
59,PICNIC TABLE,,,Queens Park,-122.907781299584,49.216226640181
60,PICNIC TABLE,,,Queens Park,-122.907870999524,49.2162448804238
64,PICNIC TABLE,,,Queens Park,-122.907434507058,49.2163883668821
979,MONUMENT,"GRIMSTON PARK DEDICATED SEPT 22, 1956 TO THE MEMORY OF DOUGLAS GEORGE GRIMSTON AND HIS MANY YEARS OF SERVICE ON THE BOARD OF PARK COMMISSIONERS",,Grimston Park,-122.944131899989,49.2024292898604
980,PLANTING AREA,,,Grimston Park,-122.944137999548,49.2024375001224
861,LIGHTING,,,Moody Park,-122.927544899516,49.2108932199188
864,LIGHTING,,,Moody Park,-122.927221700118,49.2110143397693
865,LIGHTING,,,Moody Park,-122.92771710001,49.2109721903893
867,LIGHTING,,,Moody Park,-122.92812419981,49.2109699401389
877,PLANTING AREA,,,Moody Park,-122.925608100266,49.2122758901829
879,PLANTING AREA,,,Moody Park,-122.925652500567,49.2120476697011
880,PLANTING AREA,,,Moody Park,-122.925607700109,49.2119487098061
881,PLANTING AREA,,,Moody Park,-122.925570599597,49.2119257704157
882,LIGHTING,,,Moody Park,-122.925568899858,49.2119229798823
883,PLANTING AREA,,,Moody Park,-122.925529599556,49.2119120801506
884,PLANTING AREA,,,Moody Park,-122.925461600068,49.2118574600925
1492,LIGHTING,,,Waterfront Esplanade,-122.927054200482,49.1993755001147
1493,LIGHTING,,,Waterfront Esplanade,-122.926805500315,49.1993228398797
1494,LIGHTING,,,Waterfront Esplanade,-122.926636699809,49.1992026697446
1495,LIGHTING,,,Waterfront Esplanade,-122.92644679971,49.1990980199189
1496,LIGHTING,,,Waterfront Esplanade,-122.926252899591,49.1990031802043
1497,PLANTING AREA,,,Waterfront Esplanade,-122.926159200483,49.199031239666
957,BLEACHER,,,Grimston Park,-122.943697527432,49.2015362719487
958,BLEACHER,,,Grimston Park,-122.943829224743,49.2015199295398
971,PLANTING AREA,,,Grimston Park,-122.945762000188,49.2010334401778
1457,LIGHTING,,,Waterfront Esplanade,-122.926805500315,49.1993228398797
1458,LIGHTING,,,Waterfront Esplanade,-122.926636699809,49.1992026697446
1459,LIGHTING,,,Waterfront Esplanade,-122.92644679971,49.1990980199189
1460,LIGHTING,,,Waterfront Esplanade,-122.926252899591,49.1990031802043
1461,PLANTING AREA,,,Waterfront Esplanade,-122.926193443777,49.1990040669442
1462,PLANTING AREA,,,Waterfront Esplanade,-122.926342539768,49.1990739180203
1463,PLANTING AREA,,,Waterfront Esplanade,-122.92648412414,49.1991378002345
1464,PLANTING AREA,,,Waterfront Esplanade,-122.927257520362,49.199525450549
1465,LIGHTING,,,Waterfront Esplanade,-122.926059400222,49.198893230104
1466,LIGHTING,,,Waterfront Esplanade,-122.925813599471,49.1989454503557
1467,LIGHTING,,,Waterfront Esplanade,-122.925774299586,49.1989869699274
1468,LIGHTING,,,Waterfront Esplanade,-122.925506100225,49.1988591097903
1469,LIGHTING,,,Waterfront Esplanade,-122.925560600144,49.1988182495673
1470,LIGHTING,,,Waterfront Esplanade,-122.925360100679,49.1986857596376
1473,LIGHTING,,,Waterfront Esplanade,-122.925091900382,49.1986148397213
1474,LIGHTING,,,Waterfront Esplanade,-122.924809300564,49.1985781504428
1475,LIGHTING,,,Waterfront Esplanade,-122.92453389971,49.1985259095925
1476,LIGHTING,,,Waterfront Esplanade,-122.924238799842,49.1985243895951
1477,LIGHTING,,,Waterfront Esplanade,-122.923984699653,49.1984863101227
1478,LIGHTING,,,Waterfront Esplanade,-122.923797800423,49.1984628702315
1479,LIGHTING,,,Waterfront Esplanade,-122.92358389982,49.1985838003431
1480,LIGHTING,,,Waterfront Esplanade,-122.923556999831,49.1986497001495
1481,LIGHTING,,,Waterfront Esplanade,-122.923378900677,49.1986224702853
1482,LIGHTING,,,Waterfront Esplanade,-122.923386099888,49.1985720698602
1483,LIGHTING,,,Waterfront Esplanade,-122.92313379967,49.1984932400707
1484,LIGHTING,,,Waterfront Esplanade,-122.922865100276,49.1984538099164
1485,PLANTING AREA,,,Waterfront Esplanade,-122.922535809485,49.1982773327924
1486,PLANTING AREA,,,Waterfront Esplanade,-122.922398400231,49.1982238399116
1487,LIGHTING,,,Waterfront Esplanade,-122.922395199597,49.1982350000379
1488,PLANTING AREA,,,Waterfront Esplanade,-122.922258699638,49.1981112299635
1489,PLANTING AREA,,,Waterfront Esplanade,-122.922199100246,49.1981019003789
1490,PLANTING AREA,,,Waterfront Esplanade,-122.922333100264,49.1982178897012
1491,LIGHTING,,,Waterfront Esplanade,-122.927245000359,49.1994635099876
766,LIGHTING,,,Moody Park,-122.927371599934,49.2119791803766
767,LIGHTING,,,Moody Park,-122.927677100383,49.2119340897938
768,LIGHTING,,,Moody Park,-122.928098300419,49.2119605398244
769,LIGHTING,,,Moody Park,-122.928370599937,49.2120971899722
779,BLEACHER,,,Moody Park,-122.928372731731,49.2125480223851
780,BLEACHER,,,Moody Park,-122.928637578805,49.2123818706937
782,PICNIC TABLE,,,Moody Park,-122.924725400672,49.2110320096586
783,PICNIC TABLE,,,Moody Park,-122.924855300254,49.2109769603244
784,PICNIC TABLE,,,Moody Park,-122.925084199485,49.2108094296572
785,PICNIC TABLE,,,Moody Park,-122.925403353339,49.2110317397492
786,PICNIC TABLE,,,Moody Park,-122.92543877358,49.2110311680301
789,PICNIC TABLE,,,Moody Park,-122.924725400672,49.2110320096586
790,PICNIC TABLE,,,Moody Park,-122.924855300254,49.2109769603244
791,PICNIC TABLE,,,Moody Park,-122.925084199485,49.2108094296572
792,PICNIC TABLE,,,Moody Park,-122.925479631164,49.2110377393675
793,PICNIC TABLE,,,Moody Park,-122.925463342337,49.2109990536206
1455,LIGHTING,,,Waterfront Esplanade,-122.927245000359,49.1994635099876
1456,LIGHTING,,,Waterfront Esplanade,-122.927054200482,49.1993755001147
1021,PICNIC TABLE,,,Sapperton Park,-122.894515939388,49.2273117856459
1032,PICNIC TABLE,,,Sapperton Park,-122.89450120003,49.2276108403771
1033,DRINKING FOUNTAIN,,,Sapperton Park,-122.894453000521,49.2277671403011
679,PICNIC TABLE,,,Moody Park,-122.925578899459,49.2112828097963
680,PICNIC TABLE,,,Moody Park,-122.925625100039,49.2112552600045
681,PICNIC TABLE,,,Moody Park,-122.925717499608,49.2112341103756
682,DRINKING FOUNTAIN,,,Moody Park,-122.925485735161,49.2112901312662
683,MONUMENT,,,Moody Park,-122.925418500314,49.2112754399487
704,PLANTING AREA,,,Moody Park,-122.924319600359,49.2111233596935
705,PLANTING AREA,,,Moody Park,-122.924364099924,49.2111284801732
706,PLANTING AREA,,,Moody Park,-122.924386906529,49.2111530549369
707,PLANTING AREA,,,Moody Park,-122.924286499968,49.2111898599477
708,PLANTING AREA,,,Moody Park,-122.924331491677,49.2111631329491
709,PLANTING AREA,,,Moody Park,-122.924346100581,49.2111009796881
710,MONUMENT,MOODY PARK THIS PARK WAS SET ASIDE BY THE MUNICIPAL COUNCIL IN 1863 AND NAMED TO HONOUR COLONEL RICHARD CLEMENT MOODY. R.E. WHO SELECTED NEW WESTMINSTER TO BE THE CAPITAL OF THE MAINLAND COLONY OF BRITISH COLUMBIA DEDICATED NOVEMBER 1984 DURING THE CITY'S 125TH BIRTHDAY CELEBRATION,,Moody Park,-122.924408900456,49.2111604400704
711,PICNIC TABLE,,,Moody Park,-122.925085482748,49.211035104257
712,PICNIC TABLE,,,Moody Park,-122.92504650034,49.2109325299953
713,PICNIC TABLE,,,Moody Park,-122.925139300314,49.2109023902979
714,PICNIC TABLE,,,Moody Park,-122.925533244833,49.2110181390313
716,PICNIC TABLE,,,Moody Park,-122.925664599542,49.2106796698068
717,PICNIC TABLE,,,Moody Park,-122.926019499708,49.2105441398755
585,DRINKING FOUNTAIN,,,Hume Park Lower,-122.890778763919,49.2345050401878
591,BLEACHER,,,Hume Park Lower,-122.888870300031,49.2336705403441
592,BLEACHER,,,Hume Park Lower,-122.889061354462,49.2335950235241
594,DRINKING FOUNTAIN,,,Hume Park Lower,-122.889702907665,49.2333539632699
598,BLEACHER,,,Hume Park Lower,-122.888909800071,49.2336185201073
619,BLEACHER,,,Hume Park Lower,-122.889044217581,49.2348219936458
620,BLEACHER,,,Hume Park Lower,-122.888771024859,49.2346329188051
909,LIGHTING,,,Moody Park,-122.925884300074,49.2121183102208
910,PLANTING AREA,,,Moody Park,-122.925631799853,49.2117773201538
911,PLANTING AREA,,,Moody Park,-122.925681299594,49.2117392102011
912,PLANTING AREA,,,Moody Park,-122.925651699429,49.2117542096819
913,LIGHTING,,,Moody Park,-122.925549900233,49.2117535998984
917,PICNIC TABLE,,,Grimston Park,-122.944200986741,49.2022527500107
918,PICNIC TABLE,,,Grimston Park,-122.944131094096,49.2022295110484
926,BLEACHER,,,Grimston Park,-122.943890802539,49.2024341347992
927,BLEACHER,,,Grimston Park,-122.943909606088,49.2023290635341
577,MONUMENT,MEMORIAL GARDEN IN MEMORY OF THE JOHN HUME FAMILY 1976 DONATED BY MAUD CORRIGAN,,Hume Park Lower,-122.892326000166,49.2333131896623
579,PICNIC TABLE,,,Hume Park Lower,-122.892062799661,49.2337505001397
1041,PICNIC TABLE,,,Sapperton Park,-122.89476970006,49.2278124801993
1042,PICNIC TABLE,,,Sapperton Park,-122.895483700396,49.2271894598742
1043,PICNIC TABLE,,,Sapperton Park,-122.895406399537,49.2271232099611
1063,BLEACHER,,,Sapperton Park,-122.894189684146,49.2270489991998
1064,BLEACHER,,,Sapperton Park,-122.894136234406,49.2270486578834
1065,BLEACHER,,,Sapperton Park,-122.894073669398,49.2270443187851
1066,BLEACHER,,,Sapperton Park,-122.894018911655,49.2270416365471
1070,LIGHTING,,,Sapperton Park,-122.893368229749,49.2270257269151
1073,LIGHTING,,,Sapperton Park,-122.8937570562,49.2270272743498
1074,LIGHTING,,,Sapperton Park,-122.894179399812,49.2270367598194
1077,LIGHTING,,,Sapperton Park,-122.894162350263,49.2278255423726
903,PLANTING AREA,,,Moody Park,-122.925642599563,49.2118572996955
904,PLANTING AREA,,,Moody Park,-122.925600500313,49.2118350101541
566,PICNIC TABLE,,,Hume Park Lower,-122.891666762083,49.2340022798498
568,PICNIC TABLE,,,Hume Park Lower,-122.891402525508,49.2335111572124
569,PICNIC TABLE,,,Hume Park Lower,-122.891509556604,49.2333947404637
574,PICNIC TABLE,,,Hume Park Lower,-122.891945609235,49.2334281716258
1038,PICNIC TABLE,,,Sapperton Park,-122.895442100249,49.2273045103194
1039,PICNIC TABLE,,,Sapperton Park,-122.895475499695,49.2274947399748
1040,PICNIC TABLE,,,Sapperton Park,-122.894866700213,49.2277903403278
533,BLEACHER,,,Queens Park,-122.904211402694,49.211859546552
549,DRINKING FOUNTAIN,,,Hume Park Lower,-122.891745800044,49.2356007695907
416,LIGHTING,,,Queens Park,-122.907181499579,49.2171686500098
418,LIGHTING,,,Queens Park,-122.907667900516,49.2173230596757
421,LIGHTING,,,Queens Park,-122.907880799663,49.2173643200845
422,PLANTING AREA,,,Queens Park,-122.908121200164,49.2172150199262
424,PLANTING AREA,,,Queens Park,-122.908188799725,49.2172308495938
426,MONUMENT,,,Queens Park,-122.908217800126,49.217459099929
427,LIGHTING,,,Queens Park,-122.909011000217,49.2174100798195
428,LIGHTING,,,Queens Park,-122.90967550044,49.2175576399401
509,LIGHTING,,,Queens Park,-122.904722700058,49.2139550297424
518,LIGHTING,,,Queens Park,-122.90380769999,49.2131212100513
519,BLEACHER,,,Queens Park,-122.903144196793,49.2132019684789
521,BLEACHER,,,Queens Park,-122.902950399833,49.2131717795564
522,BLEACHER,,,Queens Park,-122.903704503361,49.2130130781046
523,LIGHTING,,,Queens Park,-122.904435100181,49.2136567703235
524,LIGHTING,,,Queens Park,-122.904134400171,49.2133942195742
391,PICNIC TABLE,,,Queens Park,-122.910242100276,49.2171084499443
392,PICNIC TABLE,,,Queens Park,-122.910301312503,49.2177855102134
393,PICNIC TABLE,,,Queens Park,-122.910441243283,49.2178190245489
405,LIGHTING,,,Queens Park,-122.911166400647,49.2176086497481
406,LIGHTING,,,Queens Park,-122.910396999668,49.2176021797712
409,PLANTING AREA,,,Queens Park,-122.908493700424,49.2191874499167
1443,PLANTING AREA,,,Stewardson Thirteenth St Triangle,-122.928341399842,49.2038975901043
1449,PLANTING AREA,,,Stewardson Thirteenth St Triangle,-122.927992199566,49.2034084595649
1451,PLANTING AREA,,,Stewardson Royal Ave Triangle,-122.919771100219,49.2005336404454
481,LIGHTING,,,Queens Park,-122.905639299374,49.2140210996017
483,LIGHTING,,,Queens Park,-122.905878200049,49.2138127901443
484,PLANTING AREA,,,Queens Park,-122.905601000489,49.2139998601299
485,PLANTING AREA,,,Queens Park,-122.905573799952,49.2140141197085
486,PLANTING AREA,,,Queens Park,-122.905988499703,49.2139018199322
487,PLANTING AREA,,,Queens Park,-122.90604080032,49.2137606203463
488,PLANTING AREA,,,Queens Park,-122.906211600368,49.2137323502492
489,LIGHTING,,,Queens Park,-122.906110600187,49.213651479757
490,LIGHTING,,,Queens Park,-122.906317100341,49.2134579798601
491,PLANTING AREA,,,Queens Park,-122.906407800308,49.2132635897358
492,PLANTING AREA,,,Queens Park,-122.90628490044,49.2131681697609
494,LIGHTING,,,Queens Park,-122.904051299457,49.2142759501168
496,PLANTING AREA,,,Queens Park,-122.904118900648,49.2114547898404
497,PLANTING AREA,,,Queens Park,-122.904197700313,49.2114486295851
498,PLANTING AREA,,,Queens Park,-122.904097200387,49.2114142003816
499,PLANTING AREA,,,Queens Park,-122.90404280058,49.2114040597917
500,PLANTING AREA,,,Queens Park,-122.904013899612,49.2114312096422
501,PLANTING AREA,,,Queens Park,-122.903928699955,49.2114042599933
1393,LIGHTING,,,Port Royal,-122.926385600185,49.1949702899998
1395,PLANTING AREA,,,Port Royal,-122.924292399595,49.1959863102349
1396,PLANTING AREA,,,Port Royal,-122.924168199675,49.1961532995601
1399,BLEACHER,,,Ryall Park Grounds,-122.939822347652,49.1837664910372
1400,BLEACHER,,,Ryall Park Grounds,-122.939703780761,49.184116969077
1401,BLEACHER,,,Ryall Park Grounds,-122.939664462139,49.1840633309854
1402,BLEACHER,,,Ryall Park Grounds,-122.939735792914,49.1838196928577
1406,BLEACHER,,,Ryall Park Grounds,-122.940514070189,49.1849750344427
1407,BLEACHER,,,Ryall Park Grounds,-122.940582100063,49.1850102897675
1409,BLEACHER,,,Ryall Park Grounds,-122.940974565707,49.1850973633878
1410,BLEACHER,,,Ryall Park Grounds,-122.941089823027,49.1850438685541
1351,LIGHTING,,,Port Royal,-122.925272199593,49.1965682495522
1352,LIGHTING,,,Port Royal,-122.925065599462,49.1964937199881
1353,LIGHTING,,,Port Royal,-122.924828899485,49.1964975699907
1354,LIGHTING,,,Port Royal,-122.924833100198,49.1965180397531
1355,LIGHTING,,,Port Royal,-122.924609500339,49.1964956099373
1356,LIGHTING,,,Port Royal,-122.924381700302,49.1964418102928
1357,PLANTING AREA,,,Port Royal,-122.92419530046,49.1964405097197
1358,LIGHTING,,,Port Royal,-122.924154199618,49.1964160802601
1359,LIGHTING,,,Port Royal,-122.924115499562,49.1963898101236
1362,PLANTING AREA,,,Port Royal,-122.924102100443,49.1963609803459
1363,LIGHTING,,,Port Royal,-122.924118400673,49.1962304601096
1364,LIGHTING,,,Port Royal,-122.924210699915,49.1960971598379
1365,LIGHTING,,,Port Royal,-122.924295499407,49.195950900427
1367,LIGHTING,,,Port Royal,-122.924406700102,49.1957955801647
1370,LIGHTING,,,Port Royal,-122.92532099987,49.1953610303616
1371,LIGHTING,,,Port Royal,-122.925361499481,49.1953405904076
1373,PLANTING AREA,,,Port Royal,-122.925328200491,49.1953053297505
1374,LIGHTING,,,Port Royal,-122.925562599429,49.1952706296192
1375,LIGHTING,,,Port Royal,-122.925798000606,49.1951942399837
1376,PLANTING AREA,,,Port Royal,-122.925884200601,49.195116060404
1377,LIGHTING,,,Port Royal,-122.925957400121,49.1950935102297
1379,PLANTING AREA,,,Port Royal,-122.92633950043,49.1949543101208
1380,LIGHTING,,,Port Royal,-122.926838500024,49.194945710232
1381,LIGHTING,,,Port Royal,-122.927065600299,49.1949666096466
1384,LIGHTING,,,Port Royal,-122.927301900639,49.1949952701638
1386,PLANTING AREA,,,Port Royal,-122.927196800097,49.1949818396275
1390,PLANTING AREA,,,Port Royal,-122.926708800446,49.1949398997874
1391,LIGHTING,,,Port Royal,-122.926612099792,49.1949397601251
1980,MONUMENT,,,Ryall Park Grounds,-122.942105660129,49.1855232475738
1312,LIGHTING,,,Ryall Park Grounds,-122.94528820006,49.1866460304296
1313,LIGHTING,,,Ryall Park Grounds,-122.945152099834,49.1864345100738
1314,LIGHTING,,,Ryall Park Grounds,-122.944962999511,49.1862535798954
1315,LIGHTING,,,Ryall Park Grounds,-122.944691500041,49.1861169596249
1316,LIGHTING,,,Ryall Park Grounds,-122.9444086005,49.1860333795618
1317,LIGHTING,,,Ryall Park Grounds,-122.944260100274,49.1858619803119
1318,LIGHTING,,,Ryall Park Grounds,-122.943876499865,49.1854707002389
1323,PLANTING AREA,,,Port Royal,-122.927403100622,49.1963309998888
1324,PLANTING AREA,,,Port Royal,-122.927387699819,49.1963640002969
1325,LIGHTING,,,Port Royal,-122.927366199701,49.1963441404257
1326,LIGHTING,,,Port Royal,-122.927338899544,49.1964747801312
1327,LIGHTING,,,Port Royal,-122.927318600087,49.1966041001234
1331,LIGHTING,,,Port Royal,-122.927269599694,49.1967340802859
1332,MONUMENT,,,Port Royal,-122.927262300159,49.196708809664
1333,PLANTING AREA,,,Port Royal,-122.92724179989,49.1967418203318
1334,LIGHTING,,,Port Royal,-122.92706969934,49.1967241997218
1335,LIGHTING,,,Port Royal,-122.926848100292,49.1966886603429
1336,LIGHTING,,,Port Royal,-122.926617300511,49.1966497297584
1337,LIGHTING,,,Port Royal,-122.926428900533,49.19665450965
1338,PLANTING AREA,,,Port Royal,-122.926338299667,49.1966697304368
1339,LIGHTING,,,Port Royal,-122.926297099648,49.1966742602778
1340,PLANTING AREA,,,Port Royal,-122.926150300203,49.1967004499035
1346,PLANTING AREA,,,Port Royal,-122.925871100668,49.1966574497763
1347,LIGHTING,,,Port Royal,-122.925828700264,49.1965917603932
1348,LIGHTING,,,Port Royal,-122.925747800476,49.1965595798651
1350,LIGHTING,,,Port Royal,-122.92550339954,49.1965700900244
2002,MONUMENT,"CARNEGIE LIBRARY 1905 - 1958 THIS PLAQUE WAS UNVEILED ON OCTOBER 21, 2000 AS PART OF THE NEW WESTMINSTER PUBLIC LIBRARY'S CELEBRATION OF 135 YEARS OF SERVICE TO THE COMMUNITY. IT COMMEMORATES THE CARNEGIE LIBRARY WHICH OPENED MARCH 5, 1905 ON THIS SITE AND CONTINUED TO OPERATE UNTIL NOVEMBER 1958.",Plaque,Begbie Place,-122.910087654379,49.2035916609441
2018,MONUMENT,,,City Hall Grounds,-122.910603323482,49.2064553110176
2019,MONUMENT,,,City Hall Grounds,-122.910470865761,49.206351774228
2001,MONUMENT,QUAYSIDE PARK THIS PARK WAS ESTABLISHED FOR THE ENJOYMENT OF THE CITIZENS OF NEW WESTMINSTER THROUGH THE ASSISTANCE OF THE FOLLOWING: CITY OF NEW WESTMINSTER BRITISH COLUMBIA PARKWAY SOCIETY URBAN TRANSPORTATION DEVELOPMENT CORPORATION FIRST CAPITAL CITY DEVELOPMENT CORPORATION FRASER RIVER HARBOUR COMMISSION MAY 1989,Plaque,Waterfront Esplanade,-122.922253159166,49.198100146714
2003,MONUMENT,"DUKE OF CONNAUGHT HIGH SCHOOL 1912 - 1955 AT THIS SITE ON SEPTEMBER 21, 1912 HIS ROYAL HIGHNESS, ARTHUR WILLIAM PATRICK ALBERT, 1ST DUKE OF CONNAUGHT AND STRATHEARN, GOVERNOR-GENERAL OF CANADA, 1911 - 1916, LAID THE CONERSTONE OF THE DUKE OF CONNAUGHT HIGH SCHOOL.  ON SEPTEMBER 24, 2005 FORMER STUDENTS",,Friendship Gardens,-122.910023316935,49.207188587918
2014,MONUMENT,,,Library,-122.922578670849,49.2113140888916
2070,MONUMENT,CITY OF NEW WESTMINSTER,,Moody Park,-122.928482425365,49.2111700494615
2071,MONUMENT,CITY OF NEW WESTMINSTERYOUTH CENTRE,,Moody Park,-122.926498332796,49.2117685296014
2112,MONUMENT,"JUNE 2TH 2010 IN THE PRESENCE OF MAYOR WAYNE WRIGHT, ONNI GROUP OF COMPANIES PRESENTS THE INAUGURATION OF THE QUEENS PARK OVERPASS FOR THE RESIDENTS OF VICTORIA HILL AND NEW WESTMINSTER",Plaque,Queens Park,-122.902432190065,49.2145520542481
2023,DRINKING FOUNTAIN,,,Hume Park Lower,-122.890782929381,49.2334399855436
2025,DRINKING FOUNTAIN,,,Westburnco Sports Courts,-122.90608565062,49.2295297764261
23,DRINKING FOUNTAIN,,,,-122.897802426736,49.2113669105781
2014,DRINKING FOUNTAIN,,,Queens Park,-122.898566505479,49.2138561901016
2015,DRINKING FOUNTAIN,,,Queens Park,-122.902203447036,49.2130852176085
2026,DRINKING FOUNTAIN,,,Terry Hughes Park,-122.913037109604,49.2210941256604
2016,DRINKING FOUNTAIN,,,Queens Park,-122.904810157761,49.2147957496839
24,DRINKING FOUNTAIN,,,Queens Park,-122.904819739204,49.2136029156091
86,DRINKING FOUNTAIN,,,Queens Park,-122.909329918321,49.216700860405
730,DRINKING FOUNTAIN,,,Moody Park,-122.927599840656,49.2132311560386
2017,DRINKING FOUNTAIN,,,Westminster Pier Park,-122.904810658687,49.20359166039
2018,DRINKING FOUNTAIN,,,Westminster Pier Park,-122.904610600574,49.203740246112
2019,DRINKING FOUNTAIN,,,Westminster Pier Park,-122.904441592796,49.2040334422136
2029,DRINKING FOUNTAIN,,,Port Royal,-122.930449973872,49.1945704945134
2030,DRINKING FOUNTAIN,,,Port Royal,-122.923188001731,49.1949511445035
2031,DRINKING FOUNTAIN,,,Port Royal,-122.925615506485,49.1916602889449
2032,DRINKING FOUNTAIN,,,Port Royal,-122.923037231885,49.1944042361634
2033,DRINKING FOUNTAIN,,,Port Royal,-122.925897833249,49.1966870489055
2034,DRINKING FOUNTAIN,,,Port Royal,-122.955726442397,49.1772433374375
2027,DRINKING FOUNTAIN,,,,-122.950382820926,49.1983831199272
2028,DRINKING FOUNTAIN,,,Grimston Park,-122.943882406551,49.2020824423616
2020,DRINKING FOUNTAIN,,,,-122.914960320303,49.2019221443897
2021,DRINKING FOUNTAIN,,,,-122.919504733413,49.2004380815092
2024,DRINKING FOUNTAIN,,,,-122.926509470158,49.2177986601719
2022,DRINKING FOUNTAIN,,,Hume Park Lower,-122.891428659667,49.2354699976687
568,PICNIC TABLE,,,Hume Park Lower,-122.891576913273,49.233539880944
568,PICNIC TABLE,,,Hume Park Lower,-122.891638486712,49.2336363282507
568,PICNIC TABLE,,,Hume Park Lower,-122.891525304472,49.2338718418811
393,PICNIC TABLE,,,Queens Park,-122.91074317678,49.2178128320223
2121,LIGHTING,,,,-122.906313991171,49.1965966184661
2122,LIGHTING,,,,-122.904595410927,49.1979518194664
2123,LIGHTING,,,,-122.902468467062,49.1991459997123
2124,LIGHTING,,,,-122.900150203339,49.2006077259654
2125,LIGHTING,,,,-122.899057557964,49.2021061844177
2126,LIGHTING,,,,-122.897529241989,49.2034792954573
