Y,X,Sign_Code,Sign_ID,Traffic_Direction,Meter_Type,Shared_With,Sign_Definition
49.209539,-122.915922,PM-03,03P26,SB,Single,,2 HOUR METER
49.209792,-122.915957,PM-03,03P27,NB,Double,03P25,2 HOUR METER
49.209627,-122.916031,PM-03,03P28,SB,Double,03P30,2 HOUR METER
49.209886,-122.916073,PM-01,03P29,NB,Double,03P31,15 MINUTE METER
49.209627,-122.916031,PM-03,03P30,SB,Double,03P28,2 HOUR METER
49.209886,-122.916073,PM-01,03P31,NB,Double,03P29,15 MINUTE METER
49.209713,-122.91614,PM-03,03P32,SB,Double,03P34,2 HOUR METER
49.209972,-122.916182,PM-03,03P33,NB,Double,03P35,2 HOUR METER
49.209713,-122.91614,PM-03,03P34,SB,Double,03P32,2 HOUR METER
49.209972,-122.916182,PM-03,03P35,NB,Double,03P33,2 HOUR METER
49.209796,-122.916244,PM-03,03P36,SB,Double,03P38,2 HOUR METER
49.210063,-122.916295,PM-03,03P37,NB,Double,03P39,2 HOUR METER
49.209796,-122.916244,PM-03,03P38,SB,Double,03P36,2 HOUR METER
49.210063,-122.916295,PM-03,03P39,NB,Double,03P37,2 HOUR METER
49.210153,-122.916407,PM-03,03P41,NB,Single,,2 HOUR METER
49.2042,-122.906215,PM-03,04I01,WB,Double,04I03,2 HOUR METER
49.204297,-122.905583,PM-05,04I02,EB,Double,04I04,2 HOUR HANDICAPPED METER
49.2042,-122.906215,PM-03,04I03,WB,Double,04I01,2 HOUR METER
49.204125,-122.906354,PM-03,04I05,WB,Double,04I07,2 HOUR METER
49.204231,-122.905717,PM-03,04I06,EB,Double,04I08,2 HOUR METER
49.204125,-122.906354,PM-03,04I07,WB,Double,04I05,2 HOUR METER
49.204231,-122.905717,PM-03,04I08,EB,Double,04I06,2 HOUR METER
49.204053,-122.906485,PM-03,04I09,WB,Single,,2 HOUR METER
49.204077,-122.90601,PM-03,04I10,EB,Double,04I12,2 HOUR METER
49.204077,-122.90601,PM-03,04I12,EB,Double,04I10,2 HOUR METER
49.204009,-122.906139,PM-03,04I14,EB,Double,04I16,2 HOUR METER
49.204009,-122.906139,PM-03,04I16,EB,Double,04I14,2 HOUR METER
49.203946,-122.906255,PM-03,04I18,EB,Double,04I20,2 HOUR METER
49.203946,-122.906255,PM-03,04I20,EB,Double,04I18,2 HOUR METER
49.207028,-122.908771,PM-04,04M01,WB,Double,04M03,10 HOUR METER
49.207028,-122.908771,PM-04,04M03,WB,Double,04M01,10 HOUR METER
49.206958,-122.908897,PM-04,04M05,WB,Double,04M07,10 HOUR METER
49.206958,-122.908897,PM-04,04M07,WB,Double,04M05,10 HOUR METER
49.206888,-122.909029,PM-04,04M09,WB,Double,04M11,10 HOUR METER
49.206888,-122.909029,PM-04,04M11,WB,Double,04M09,10 HOUR METER
49.206818,-122.909158,PM-04,04M13,WB,Double,04M15,10 HOUR METER
49.206818,-122.909158,PM-04,04M15,WB,Double,04M13,10 HOUR METER
49.206747,-122.90929,PM-04,04M17,WB,Double,04M19,10 HOUR METER
49.206747,-122.90929,PM-04,04M19,WB,Double,04M17,10 HOUR METER
49.206678,-122.909421,PM-04,04M21,WB,Double,04M23,10 HOUR METER
49.206678,-122.909421,PM-04,04M23,WB,Double,04M21,10 HOUR METER
49.206607,-122.909553,PM-04,04M25,WB,Double,04M27,10 HOUR METER
49.206607,-122.909553,PM-04,04M27,WB,Double,04M25,10 HOUR METER
49.206536,-122.909683,PM-04,04M29,WB,Double,04M31,10 HOUR METER
49.206536,-122.909683,PM-04,04M31,WB,Double,04M29,10 HOUR METER
49.206466,-122.909814,PM-04,04M33,WB,Double,04M35,10 HOUR METER
49.206466,-122.909814,PM-04,04M35,WB,Double,04M33,10 HOUR METER
49.210518,-122.916869,PM-03,04P01,NB,Single,,2 HOUR METER
49.210385,-122.916984,PM-03,04P02,SB,Double,04P04,2 HOUR METER
49.210596,-122.916968,PM-03,04P03,NB,Double,04P05,2 HOUR METER
49.210385,-122.916984,PM-03,04P04,SB,Double,04P02,2 HOUR METER
49.210596,-122.916968,PM-03,04P05,NB,Double,04P03,2 HOUR METER
49.210521,-122.917156,PM-03,04P06,SB,Single,,2 HOUR METER
49.210683,-122.917078,PM-03,04P07,NB,Double,04P09,2 HOUR METER
49.210605,-122.917262,PM-03,04P08,SB,Double,04P10,2 HOUR METER
49.210683,-122.917078,PM-03,04P09,NB,Double,04P07,2 HOUR METER
49.210605,-122.917262,PM-03,04P10,SB,Double,04P08,2 HOUR METER
49.210768,-122.917185,PM-03,04P11,NB,Double,04P13,2 HOUR METER
49.21069,-122.917368,PM-03,04P12,SB,Double,04P14,2 HOUR METER
49.210768,-122.917185,PM-03,04P13,NB,Double,04P11,2 HOUR METER
49.21069,-122.917368,PM-03,04P14,SB,Double,04P12,2 HOUR METER
49.210852,-122.91729,PM-03,04P15,NB,Double,04P17,2 HOUR METER
49.210777,-122.917478,PM-03,04P16,SB,Double,04P18,2 HOUR METER
49.210852,-122.91729,PM-03,04P17,NB,Double,04P15,2 HOUR METER
49.210777,-122.917478,PM-03,04P18,SB,Double,04P16,2 HOUR METER
49.210939,-122.9174,PM-03,04P19,NB,Double,04P21,2 HOUR METER
49.210864,-122.917587,PM-03,04P20,SB,Double,04P22,2 HOUR METER
49.210939,-122.9174,PM-03,04P21,NB,Double,04P19,2 HOUR METER
49.210864,-122.917587,PM-03,04P22,SB,Double,04P20,2 HOUR METER
49.211021,-122.917505,PM-03,04P23,NB,Single,,2 HOUR METER
49.211448,-122.91832,PM-03,04P24,SB,Double,04P26,2 HOUR METER
49.211116,-122.917622,PM-03,04P25,NB,Double,04P27,2 HOUR METER
49.211448,-122.91832,PM-03,04P26,SB,Double,04P24,2 HOUR METER
49.211116,-122.917622,PM-03,04P27,NB,Double,04P25,2 HOUR METER
49.211197,-122.917726,PM-03,04P29,NB,Single,,2 HOUR METER
49.211345,-122.917909,PM-03,04P31,NB,Double,04P33,2 HOUR METER
49.211345,-122.917909,PM-03,04P33,NB,Double,04P31,2 HOUR METER
49.21158,-122.918207,PM-02,04P35,NB,Single,,30 MINUTE METER
49.211623,-122.91826,PM-02,04P37,NB,Double,04P39,30 MINUTE METER
49.211623,-122.91826,PM-02,04P39,NB,Double,04P37,30 MINUTE METER
49.204297,-122.908701,PM-03,05F01,WB,Double,05F03,2 HOUR METER
49.204384,-122.908205,PM-03,05F02,EB,Double,05F04,2 HOUR METER
49.204297,-122.908701,PM-03,05F03,WB,Double,05F01,2 HOUR METER
49.204384,-122.908205,PM-03,05F04,EB,Double,05F02,2 HOUR METER
49.204314,-122.908332,PM-03,05F06,EB,Double,05F08,2 HOUR METER
49.204314,-122.908332,PM-03,05F08,EB,Double,05F06,2 HOUR METER
49.204239,-122.908475,PM-03,05F10,EB,Double,05F12,2 HOUR METER
49.204239,-122.908475,PM-03,05F12,EB,Double,05F10,2 HOUR METER
49.203837,-122.906889,PM-03,05I01,WB,Double,05I03,2 HOUR METER
49.203726,-122.906664,PM-03,05I02,EB,Double,05I04,2 HOUR METER
49.203837,-122.906889,PM-03,05I03,WB,Double,05I01,2 HOUR METER
49.203726,-122.906664,PM-03,05I04,EB,Double,05I02,2 HOUR METER
49.203705,-122.907135,PM-03,05I05,WB,Double,05I07,2 HOUR METER
49.203656,-122.906794,PM-03,05I06,EB,Double,05I08,2 HOUR METER
49.203705,-122.907135,PM-03,05I07,WB,Double,05I05,2 HOUR METER
49.203656,-122.906794,PM-03,05I08,EB,Double,05I06,2 HOUR METER
49.203599,-122.907342,PM-01,05I09,WB,Single,,15 MINUTE METER
49.203612,-122.906876,PM-03,05I10,EB,Single,,2 HOUR METER
49.203535,-122.907474,PM-01,05I11,WB,Double,05I13,15 MINUTE METER
49.203535,-122.907474,PM-01,05I13,WB,Double,05I11,15 MINUTE METER
49.206396,-122.909946,PM-04,05M01,WB,Double,05M03,10 HOUR METER
49.206396,-122.909946,PM-04,05M03,WB,Double,05M01,10 HOUR METER
49.206325,-122.910076,PM-04,05M05,WB,Double,05M07,10 HOUR METER
49.206325,-122.910076,PM-04,05M07,WB,Double,05M05,10 HOUR METER
49.206255,-122.910206,PM-04,05M09,WB,Single,,10 HOUR METER
49.211207,-122.920245,PM-03,05N01,NB,Double,05N03,2 HOUR METER
49.211028,-122.920291,PM-03,05N02,SB,Single,,2 HOUR METER
49.211207,-122.920245,PM-03,05N03,NB,Double,05N01,2 HOUR METER
49.21111,-122.920394,PM-03,05N04,SB,Double,05N06,2 HOUR METER
49.211295,-122.920357,PM-03,05N05,NB,Double,05N07,2 HOUR METER
49.21111,-122.920394,PM-03,05N06,SB,Double,05N04,2 HOUR METER
49.211295,-122.920357,PM-03,05N07,NB,Double,05N05,2 HOUR METER
49.21128,-122.920607,PM-03,05N08,SB,Double,05N10,2 HOUR METER
49.211417,-122.920509,PM-03,05N09,NB,Double,05N11,2 HOUR METER
49.211417,-122.920509,PM-03,05N11,NB,Double,05N09,2 HOUR METER
49.21137,-122.920719,PM-03,05N12,SB,Double,05N14,2 HOUR METER
49.211506,-122.920622,PM-03,05N13,NB,Double,05N15,2 HOUR METER
49.21137,-122.920719,PM-03,05N14,SB,Double,05N12,2 HOUR METER
49.211506,-122.920622,PM-03,05N15,NB,Double,05N13,2 HOUR METER
49.211455,-122.920826,PM-03,05N16,SB,Double,05N18,2 HOUR METER
49.211597,-122.920735,PM-03,05N17,NB,Single,,2 HOUR METER
49.211455,-122.920826,PM-03,05N18,SB,Double,05N16,2 HOUR METER
49.211819,-122.921034,PM-03,05N19,NB,Double,05N21,2 HOUR METER
49.211592,-122.921,PM-03,05N20,SB,Single,,2 HOUR METER
49.211819,-122.921034,PM-03,05N21,NB,Double,05N19,2 HOUR METER
49.211675,-122.921106,PM-03,05N22,SB,Double,05N24,2 HOUR METER
49.201789,-122.91126,PM-03,00B01,NB,Double,00B03,2 HOUR METER
49.20161,-122.911321,PM-03,00B02,SB,Double,00B04,2 HOUR METER
49.201789,-122.91126,PM-03,00B03,NB,Double,00B01,2 HOUR METER
49.20161,-122.911321,PM-03,00B04,SB,Double,00B02,2 HOUR METER
49.201894,-122.911393,PM-03,00B05,NB,Single,,2 HOUR METER
49.201655,-122.911378,PM-03,00B06,SB,Double,00B08,2 HOUR METER
49.201655,-122.911378,PM-03,00B08,SB,Double,00B06,2 HOUR METER
49.201698,-122.911431,PM-03,00B10,SB,Double,00B12,2 HOUR METER
49.201698,-122.911431,PM-03,00B12,SB,Double,00B10,2 HOUR METER
49.201742,-122.911488,PM-03,00B14,SB,Double,00B16,2 HOUR METER
49.201742,-122.911488,PM-03,00B16,SB,Double,00B14,2 HOUR METER
49.201786,-122.911544,PM-03,00B18,SB,Double,00B20,2 HOUR METER
49.201786,-122.911544,PM-03,00B20,SB,Double,00B18,2 HOUR METER
49.20183,-122.911598,PM-03,00B22,SB,Double,00B24,2 HOUR METER
49.20183,-122.911598,PM-03,00B24,SB,Double,00B22,2 HOUR METER
49.201943,-122.911737,PM-03,00B26,SB,Single,,2 HOUR METER
49.202049,-122.911873,PM-03,00B28,SB,Double,00B30,2 HOUR METER
49.202049,-122.911873,PM-03,00B30,SB,Double,00B28,2 HOUR METER
49.202092,-122.911927,PM-03,00B32,SB,Double,00B34,2 HOUR METER
49.202092,-122.911927,PM-03,00B34,SB,Double,00B32,2 HOUR METER
49.20163,-122.910006,PM-03,00C01,NB,Double,00C03,2 HOUR METER
49.201459,-122.910055,PM-03,00C02,SB,Single,,2 HOUR METER
49.20163,-122.910006,PM-03,00C03,NB,Double,00C01,2 HOUR METER
49.20154,-122.910157,PM-03,00C04,SB,Double,00C06,2 HOUR METER
49.201712,-122.910108,PM-03,00C05,NB,Double,00C07,2 HOUR METER
49.20154,-122.910157,PM-03,00C06,SB,Double,00C04,2 HOUR METER
49.201712,-122.910108,PM-03,00C07,NB,Double,00C05,2 HOUR METER
49.202055,-122.910804,PM-03,00C08,SB,Double,00C10,2 HOUR METER
49.202186,-122.910686,PM-03,00C09,NB,Double,00C11,2 HOUR METER
49.202055,-122.910804,PM-03,00C10,SB,Double,00C08,2 HOUR METER
49.202186,-122.910686,PM-03,00C11,NB,Double,00C09,2 HOUR METER
49.202104,-122.910862,PM-03,00C12,SB,Double,00C14,2 HOUR METER
49.202104,-122.910862,PM-03,00C14,SB,Double,00C12,2 HOUR METER
49.202467,-122.911063,PM-03,00C15,NB,Double,00C17,2 HOUR METER
49.202151,-122.91092,PM-03,00C16,SB,Double,00C18,2 HOUR METER
49.202467,-122.911063,PM-03,00C17,NB,Double,00C15,2 HOUR METER
49.202151,-122.91092,PM-03,00C18,SB,Double,00C16,2 HOUR METER
49.20255,-122.911166,PM-03,00C19,NB,Double,00C21,2 HOUR METER
49.202199,-122.910983,PM-03,00C20,SB,Double,00C22,2 HOUR METER
49.20255,-122.911166,PM-03,00C21,NB,Double,00C19,2 HOUR METER
49.202199,-122.910983,PM-03,00C22,SB,Double,00C20,2 HOUR METER
49.202225,-122.911022,PM-03,00C24,SB,Single,,2 HOUR METER
49.202311,-122.911121,PM-01,00C26,SB,Single,,15 MINUTE METER
49.202346,-122.911165,PM-01,00C28,SB,Double,00C30,15 MINUTE METER
49.202346,-122.911165,PM-01,00C30,SB,Double,00C28,15 MINUTE METER
49.202392,-122.911226,PM-03,00C32,SB,Double,00C34,2 HOUR METER
49.202392,-122.911226,PM-03,00C34,SB,Double,00C32,2 HOUR METER
49.202441,-122.911289,PM-03,00C36,SB,Double,00C38,2 HOUR METER
49.202441,-122.911289,PM-03,00C38,SB,Double,00C36,2 HOUR METER
49.202493,-122.911352,PM-03,00C40,SB,Double,00C42,2 HOUR METER
49.202493,-122.911352,PM-03,00C42,SB,Double,00C40,2 HOUR METER
49.202519,-122.911386,PM-03,00C44,SB,Single,,2 HOUR METER
49.201285,-122.912263,PM-03,00D01,NB,Single,,2 HOUR METER
49.20132,-122.912306,PM-03,00D03,NB,Double,00D05,2 HOUR METER
49.20132,-122.912306,PM-03,00D05,NB,Double,00D03,2 HOUR METER
49.201361,-122.912359,PM-03,00D07,NB,Double,00D09,2 HOUR METER
49.201361,-122.912359,PM-03,00D09,NB,Double,00D07,2 HOUR METER
49.201406,-122.912413,PM-03,00D11,NB,Double,00D13,2 HOUR METER
49.201406,-122.912413,PM-03,00D13,NB,Double,00D11,2 HOUR METER
49.201445,-122.91246,PM-03,00D15,NB,Double,00D17,2 HOUR METER
49.201445,-122.91246,PM-03,00D17,NB,Double,00D15,2 HOUR METER
49.201486,-122.912512,PM-03,00D19,NB,Double,00D21,2 HOUR METER
49.201486,-122.912512,PM-03,00D21,NB,Double,00D19,2 HOUR METER
49.201528,-122.912569,PM-03,00D23,NB,Double,00D25,2 HOUR METER
49.201528,-122.912569,PM-03,00D25,NB,Double,00D23,2 HOUR METER
49.201569,-122.912621,PM-03,00D27,NB,Double,00D29,2 HOUR METER
49.201569,-122.912621,PM-03,00D29,NB,Double,00D27,2 HOUR METER
49.201638,-122.912667,PM-03,00D31,NB,Double,00D33,2 HOUR METER
49.201638,-122.912667,PM-03,00D33,NB,Double,00D31,2 HOUR METER
49.201678,-122.912716,PM-03,00D35,NB,Single,,2 HOUR METER
49.201723,-122.912771,PM-03,00D37,NB,Single,,2 HOUR METER
49.201747,-122.912798,PM-03,00D39,NB,Double,00D41,2 HOUR METER
49.201747,-122.912798,PM-03,00D41,NB,Double,00D39,2 HOUR METER
49.204099,-122.906657,PM-03,00G01,NB,Single,,2 HOUR METER
49.204129,-122.90669,PM-03,00G03,NB,Double,00G05,2 HOUR METER
49.204129,-122.90669,PM-03,00G05,NB,Double,00G03,2 HOUR METER
49.204164,-122.906735,PM-03,00G07,NB,Double,00G09,2 HOUR METER
49.204164,-122.906735,PM-03,00G09,NB,Double,00G07,2 HOUR METER
49.204076,-122.906945,PM-03,00G11,SB,Double,00G13,2 HOUR METER
49.204076,-122.906945,PM-03,00G13,SB,Double,00G11,2 HOUR METER
49.204109,-122.906989,PM-03,00G15,SB,Double,00G17,2 HOUR METER
49.204109,-122.906989,PM-03,00G17,SB,Double,00G15,2 HOUR METER
49.201511,-122.911669,PM-03,00J01,NB,Single,,2 HOUR METER
49.201399,-122.911915,PM-03,00J02,SB,Double,00J04,2 HOUR METER
49.201559,-122.911728,PM-03,00J03,NB,Double,00J05,2 HOUR METER
49.201399,-122.911915,PM-03,00J04,SB,Double,00J02,2 HOUR METER
49.201559,-122.911728,PM-03,00J05,NB,Double,00J03,2 HOUR METER
49.202222,-122.912955,PM-03,00J06,SB,Double,00J08,2 HOUR METER
49.201648,-122.911838,PM-03,00J07,NB,Double,00J09,2 HOUR METER
49.202222,-122.912955,PM-03,00J08,SB,Double,00J06,2 HOUR METER
49.201648,-122.911838,PM-03,00J09,NB,Double,00J07,2 HOUR METER
49.202276,-122.913021,PM-03,00J10,SB,Double,00J12,2 HOUR METER
49.201696,-122.911898,PM-03,00J11,NB,Double,00J13,2 HOUR METER
49.202276,-122.913021,PM-03,00J12,SB,Double,00J10,2 HOUR METER
49.202325,-122.913082,PM-03,00J14,SB,Double,00J16,2 HOUR METER
49.201848,-122.912087,PM-03,00J15,NB,Double,00J17,2 HOUR METER
49.202325,-122.913082,PM-03,00J16,SB,Double,00J14,2 HOUR METER
49.201848,-122.912087,PM-03,00J17,NB,Double,00J15,2 HOUR METER
49.202482,-122.91328,PM-03,00J18,SB,Double,00J20,2 HOUR METER
49.201934,-122.912195,PM-03,00J19,NB,Double,00J21,2 HOUR METER
49.202482,-122.91328,PM-03,00J20,SB,Double,00J18,2 HOUR METER
49.201934,-122.912195,PM-03,00J21,NB,Double,00J19,2 HOUR METER
49.202533,-122.913344,PM-03,00J22,SB,Double,00J24,2 HOUR METER
49.202392,-122.912772,PM-03,00J23,NB,Double,00J25,2 HOUR METER
49.202533,-122.913344,PM-03,00J24,SB,Double,00J22,2 HOUR METER
49.202392,-122.912772,PM-03,00J25,NB,Double,00J23,2 HOUR METER
49.202943,-122.913861,PM-03,00J26,SB,Double,00J28,2 HOUR METER
49.20268,-122.913127,PM-03,00J27,NB,Double,00J29,2 HOUR METER
49.202943,-122.913861,PM-03,00J28,SB,Double,00J26,2 HOUR METER
49.20268,-122.913127,PM-03,00J29,NB,Double,00J27,2 HOUR METER
49.202995,-122.913924,PM-03,00J30,SB,Double,OOJ32,2 HOUR METER
49.202761,-122.913229,PM-03,00J31,NB,Double,00J33,2 HOUR METER
49.202995,-122.913924,PM-03,00J32,SB,Double,00J30,2 HOUR METER
49.202761,-122.913229,PM-03,00J33,NB,Double,00J31,2 HOUR METER
49.203044,-122.913985,PM-03,00J34,SB,Double,00J36,2 HOUR METER
49.202844,-122.913334,PM-03,00J35,NB,Double,00J37,2 HOUR METER
49.203044,-122.913985,PM-03,00J36,SB,Double,00J34,2 HOUR METER
49.202844,-122.913334,PM-03,00J37,NB,Double,00J35,2 HOUR METER
49.203096,-122.914048,PM-03,00J38,SB,Double,00J40,2 HOUR METER
49.202931,-122.913444,PM-03,00J39,NB,Single,,2 HOUR METER
49.203096,-122.914048,PM-03,00J40,SB,Double,00J38,2 HOUR METER
49.203091,-122.913642,PM-03,00J41,NB,Double,00J43,2 HOUR METER
49.203091,-122.913642,PM-03,00J43,NB,Double,00J41,2 HOUR METER
49.203172,-122.913745,PM-03,00J45,NB,Double,00J47,2 HOUR METER
49.203172,-122.913745,PM-03,00J47,NB,Double,00J45,2 HOUR METER
49.203199,-122.910907,PM-03,00K01,NB,Single,,2 HOUR METER
49.203162,-122.911136,PM-03,00K02,SB,Double,00K04,2 HOUR METER
49.203314,-122.911053,PM-03,00K03,NB,Single,,2 HOUR METER
49.203162,-122.911136,PM-03,00K04,SB,Double,00K02,2 HOUR METER
49.203381,-122.911137,PM-03,00K05,NB,Single,,2 HOUR METER
49.203532,-122.911329,PM-03,00K07,NB,Double,00K09,2 HOUR METER
49.203532,-122.911329,PM-03,00K09,NB,Double,00K07,2 HOUR METER
49.202469,-122.908534,PM-03,00L01,NB,Double,00L03,2 HOUR METER
49.202366,-122.908553,PM-03,00L02,SB,Double,00L04,2 HOUR METER
49.202469,-122.908534,PM-03,00L03,NB,Double,00L01,2 HOUR METER
49.202366,-122.908553,PM-03,00L04,SB,Double,00L02,2 HOUR METER
49.203444,-122.909755,PM-03,00L11,NB,Single,,2 HOUR METER
49.204258,-122.911523,PM-03,00N01,NB,Double,00N03,2 HOUR METER
49.204177,-122.911649,PM-03,00N02,SB,Single,,2 HOUR METER
49.204258,-122.911523,PM-03,00N03,NB,Double,00N01,2 HOUR METER
49.204287,-122.911788,PM-03,00N04,SB,Double,00N06,2 HOUR METER
49.204349,-122.911641,PM-03,00N05,NB,Double,00N07,2 HOUR METER
49.204287,-122.911788,PM-03,00N06,SB,Double,00N04,2 HOUR METER
49.204349,-122.911641,PM-03,00N07,NB,Double,00N05,2 HOUR METER
49.204422,-122.911963,PM-03,00N08,SB,Double,00N10,2 HOUR METER
49.204584,-122.91193,PM-03,00N09,NB,Single,,2 HOUR METER
49.204422,-122.911963,PM-03,00N10,SB,Double,00N08,2 HOUR METER
49.204623,-122.911979,PM-03,00N11,NB,Single,,2 HOUR METER
49.204588,-122.912174,PM-03,00N12,SB,Double,00N14,2 HOUR METER
49.204735,-122.912122,PM-03,00N13,NB,Single,,2 HOUR METER
49.204588,-122.912174,PM-03,00N14,SB,Double,00N12,2 HOUR METER
49.204666,-122.912269,PM-03,00N16,SB,Single,,2 HOUR METER
49.202962,-122.907373,PM-03,00P01,NB,Double,00P03,2 HOUR METER
49.203668,-122.908541,PM-03,00P02,SB,Single,,2 HOUR METER
49.202962,-122.907373,PM-03,00P03,NB,Double,00P01,2 HOUR METER
49.20375,-122.908645,PM-03,00P04,SB,Double,00P06,2 HOUR METER
49.203082,-122.90752,PM-03,00P05,NB,Double,00P07,2 HOUR METER
49.20375,-122.908645,PM-03,00P06,SB,Double,00P04,2 HOUR METER
49.203082,-122.90752,PM-03,00P07,NB,Double,00P05,2 HOUR METER
49.203833,-122.908749,PM-03,00P08,SB,Double,00P10,2 HOUR METER
49.203791,-122.908413,PM-03,00P09,NB,Double,00P11,2 HOUR METER
49.203833,-122.908749,PM-03,00P10,SB,Double,00P08,2 HOUR METER
49.203791,-122.908413,PM-03,00P11,NB,Double,00P09,2 HOUR METER
49.20389,-122.908821,PM-03,00P12,SB,Single,,2 HOUR METER
49.203883,-122.908527,PM-03,00P13,NB,Double,00P15,2 HOUR METER
49.204212,-122.909225,PM-03,00P14,SB,Double,00P16,2 HOUR METER
49.203883,-122.908527,PM-03,00P15,NB,Double,00P13,2 HOUR METER
49.204212,-122.909225,PM-03,00P16,SB,Double,00P14,2 HOUR METER
49.203958,-122.908621,PM-03,00P17,NB,Double,00P19,2 HOUR METER
49.204303,-122.909339,PM-03,00P18,SB,Double,00P20,2 HOUR METER
49.203958,-122.908621,PM-03,00P19,NB,Double,00P17,2 HOUR METER
49.204303,-122.909339,PM-03,00P20,SB,Double,00P18,2 HOUR METER
49.204294,-122.909041,PM-03,00P21,NB,Double,00P23,2 HOUR METER
49.204556,-122.90966,PM-03,00P22,SB,Single,,2 HOUR METER
49.204294,-122.909041,PM-03,00P23,NB,Double,00P21,2 HOUR METER
49.204652,-122.909778,PM-03,00P24,SB,Double,00P26,2 HOUR METER
49.204385,-122.909154,PM-03,00P25,NB,Double,00P27,2 HOUR METER
49.204652,-122.909778,PM-03,00P26,SB,Double,00P24,2 HOUR METER
49.204385,-122.909154,PM-03,00P27,NB,Double,00P25,2 HOUR METER
49.204736,-122.909598,PM-03,00P29,NB,Double,00P31,2 HOUR METER
49.204736,-122.909598,PM-03,00P31,NB,Double,00P29,2 HOUR METER
49.205049,-122.909989,PM-03,00P33,NB,Double,00P35,2 HOUR METER
49.205049,-122.909989,PM-03,00P35,NB,Double,00P33,2 HOUR METER
49.201094,-122.915954,PM-03,00Q01,NB,Double,0003,2 HOUR METER
49.20084,-122.91604,PM-03,00Q02,SB,Double,00Q04,2 HOUR METER
49.201094,-122.915954,PM-03,00Q03,NB,Double,0001,2 HOUR METER
49.20084,-122.91604,PM-03,00Q04,SB,Double,00Q02,2 HOUR METER
49.201136,-122.916003,PM-03,00Q05,NB,Double,00Q07,2 HOUR METER
49.200882,-122.91609,PM-03,00Q06,SB,Double,00Q08,2 HOUR METER
49.201136,-122.916003,PM-03,00Q07,NB,Double,00Q05,2 HOUR METER
49.200882,-122.91609,PM-03,00Q08,SB,Double,00Q06,2 HOUR METER
49.201176,-122.916054,PM-03,00Q09,NB,Double,00Q11,2 HOUR METER
49.200922,-122.916139,PM-03,00Q10,SB,Double,00Q12,2 HOUR METER
49.201176,-122.916054,PM-03,00Q11,NB,Double,00Q09,2 HOUR METER
49.200922,-122.916139,PM-03,00Q12,SB,Double,00Q10,2 HOUR METER
49.201214,-122.916101,PM-03,00Q13,NB,Double,00Q15,2 HOUR METER
49.200964,-122.916194,PM-03,00Q14,SB,Double,00Q16,2 HOUR METER
49.201214,-122.916101,PM-03,00Q15,NB,Double,00Q13,2 HOUR METER
49.200964,-122.916194,PM-03,00Q16,SB,Double,00Q14,2 HOUR METER
49.201007,-122.916247,PM-03,00Q18,SB,Double,00Q20,2 HOUR METER
49.201007,-122.916247,PM-03,00Q20,SB,Double,00Q18,2 HOUR METER
49.201049,-122.9163,PM-03,00Q22,SB,Double,00Q24,2 HOUR METER
49.201049,-122.9163,PM-03,00Q24,SB,Double,00Q22,2 HOUR METER
49.201087,-122.916349,PM-03,00Q26,SB,Double,00Q28,2 HOUR METER
49.201087,-122.916349,PM-03,00Q28,SB,Double,00Q26,2 HOUR METER
49.201131,-122.916406,PM-03,00Q30,SB,Double,00Q32,2 HOUR METER
49.201131,-122.916406,PM-03,00Q32,SB,Double,00Q30,2 HOUR METER
49.206183,-122.902582,PM-03,02I01,WB,Double,02I03,2 HOUR METER
49.205644,-122.903058,PM-03,02I02,EB,Double,02I04,2 HOUR METER
49.206183,-122.902582,PM-03,02I03,WB,Double,02I01,2 HOUR METER
49.205644,-122.903058,PM-03,02I04,EB,Double,02I02,2 HOUR METER
49.206114,-122.90271,PM-03,02I05,WB,Double,05I07,2 HOUR METER
49.205572,-122.9032,PM-03,02I06,EB,Double,02I08,2 HOUR METER
49.206114,-122.90271,PM-03,02I07,WB,Double,02I05,2 HOUR METER
49.205572,-122.9032,PM-03,02I08,EB,Double,02I06,2 HOUR METER
49.206045,-122.902838,PM-03,02I09,WB,Double,02I11,2 HOUR METER
49.205499,-122.903332,PM-03,02I10,EB,Single,,2 HOUR METER
49.206045,-122.902838,PM-03,02I11,WB,Double,02I09,2 HOUR METER
49.205381,-122.90359,PM-03,02I12,EB,Double,02I14,2 HOUR METER
49.205977,-122.902963,PM-03,02I13,WB,Double,02I15,2 HOUR METER
49.205381,-122.90359,PM-03,02I14,EB,Double,02I12,2 HOUR METER
49.205977,-122.902963,PM-03,02I15,WB,Double,02I13,2 HOUR METER
49.20531,-122.90372,PM-03,02I16,EB,Double,02I18,2 HOUR METER
49.205916,-122.903078,PM-03,02I17,WB,Double,02I19,2 HOUR METER
49.20531,-122.90372,PM-03,02I18,EB,Double,02I16,2 HOUR METER
49.205916,-122.903078,PM-03,02I19,WB,Double,02I17,2 HOUR METER
49.207451,-122.91301,PM-03,02P01,NB,Double,02P03,2 HOUR METER
49.207279,-122.913086,PM-03,02P02,SB,Single,,2 HOUR METER
49.207451,-122.91301,PM-03,02P03,NB,Double,02P01,2 HOUR METER
49.207321,-122.913138,PM-03,02P04,SB,Double,02P06,2 HOUR METER
49.207704,-122.913329,PM-03,02P05,NB,Double,02P07,2 HOUR METER
49.207321,-122.913138,PM-03,02P06,SB,Double,02P04,2 HOUR METER
49.207704,-122.913329,PM-03,02P07,NB,Double,02P05,2 HOUR METER
49.207409,-122.91325,PM-03,02P08,SB,Double,02P10,2 HOUR METER
49.20779,-122.913433,PM-03,02P09,NB,Double,02P11,2 HOUR METER
49.207409,-122.91325,PM-03,02P10,SB,Double,02P08,2 HOUR METER
49.20779,-122.913433,PM-03,02P11,NB,Double,02P09,2 HOUR METER
49.207665,-122.913573,PM-03,02P12,SB,Double,02P14,2 HOUR METER
49.208088,-122.91381,PM-03,02P13,NB,Double,02P15,2 HOUR METER
49.207665,-122.913573,PM-03,02P14,SB,Double,02P12,2 HOUR METER
49.208088,-122.91381,PM-03,02P15,NB,Double,02P13,2 HOUR METER
49.207754,-122.913683,PM-03,02P16,SB,Double,02P18,2 HOUR METER
49.208174,-122.91392,PM-03,02P17,NB,Double,02P19,2 HOUR METER
49.207754,-122.913683,PM-03,02P18,SB,Double,02P16,2 HOUR METER
49.208174,-122.91392,PM-03,02P19,NB,Double,02P17,2 HOUR METER
49.20784,-122.913789,PM-03,02P20,SB,Double,02P22,2 HOUR METER
49.208258,-122.914025,PM-03,02P21,NB,Double,02P23,2 HOUR METER
49.20784,-122.913789,PM-03,02P22,SB,Double,02P20,2 HOUR METER
49.208258,-122.914025,PM-03,02P23,NB,Double,02P21,2 HOUR METER
49.207922,-122.913896,PM-01,02P24,SB,Double,02P26,15 MINUTE METER
49.208456,-122.914275,PM-03,02P25,NB,Double,02P27,2 HOUR METER
49.207922,-122.913896,PM-01,02P26,SB,Double,02P24,15 MINUTE METER
49.208456,-122.914275,PM-03,02P27,NB,Double,02P25,2 HOUR METER
49.208008,-122.914003,PM-03,02P28,SB,Double,02P30,2 HOUR METER
49.2085,-122.914331,PM-03,02P29,NB,Single,,2 HOUR METER
49.208008,-122.914003,PM-03,02P30,SB,Double,02P28,2 HOUR METER
49.208585,-122.914436,PM-03,02P31,NB,Double,03P33,2 HOUR METER
49.208215,-122.914266,PM-03,02P32,SB,Double,02P34,2 HOUR METER
49.208585,-122.914436,PM-03,02P33,NB,Double,03P31,2 HOUR METER
49.208215,-122.914266,PM-03,02P34,SB,Double,02P32,2 HOUR METER
49.2083,-122.914371,PM-03,02P36,SB,Double,02P38,2 HOUR METER
49.2083,-122.914371,PM-03,02P38,SB,Double,02P36,2 HOUR METER
49.208388,-122.914481,PM-03,02P40,SB,Double,02P42,2 HOUR METER
49.208388,-122.914481,PM-03,02P42,SB,Double,02P40,2 HOUR METER
49.205585,-122.903673,PM-03,03I01,WB,Double,03I03,2 HOUR METER
49.205245,-122.903843,PM-03,03I02,EB,Double,03I04,2 HOUR METER
49.205585,-122.903673,PM-03,03I03,WB,Double,03I01,2 HOUR METER
49.205245,-122.903843,PM-03,03I04,EB,Double,03I02,2 HOUR METER
49.205518,-122.903799,PM-03,03I05,WB,Double,03I07,2 HOUR METER
49.205075,-122.90416,PM-03,03I06,EB,Single,,2 HOUR METER
49.205518,-122.903799,PM-03,03I07,WB,Double,03I05,2 HOUR METER
49.205009,-122.904284,PM-03,03I08,EB,Double,03I10,2 HOUR METER
49.205443,-122.903935,PM-03,03I09,WB,Single,,2 HOUR METER
49.205009,-122.904284,PM-03,03I10,EB,Double,03I08,2 HOUR METER
49.205305,-122.904193,PM-03,03I11,WB,Double,03I13,2 HOUR METER
49.204936,-122.904415,PM-03,03I12,EB,Double,03I14,2 HOUR METER
49.205305,-122.904193,PM-03,03I13,WB,Double,03I11,2 HOUR METER
49.204936,-122.904415,PM-03,03I14,EB,Double,03I12,2 HOUR METER
49.205236,-122.90432,PM-03,03I15,WB,Double,03I17,2 HOUR METER
49.204865,-122.904548,PM-03,03I16,EB,Double,03I18,2 HOUR METER
49.205236,-122.90432,PM-03,03I17,WB,Double,03I15,2 HOUR METER
49.204865,-122.904548,PM-03,03I18,EB,Double,03I16,2 HOUR METER
49.205168,-122.904448,PM-03,03I19,WB,Double,03I21,2 HOUR METER
49.2048,-122.904667,PM-03,03I20,EB,Double,03I22,2 HOUR METER
49.205168,-122.904448,PM-03,03I21,WB,Double,03I19,2 HOUR METER
49.2048,-122.904667,PM-01,03I22,EB,Double,03I20,15 MINUTE METER
49.2051,-122.904574,PM-03,03I23,WB,Single,,2 HOUR METER
49.204764,-122.904736,PM-01,03I24,EB,Single,,15 MINUTE METER
49.204852,-122.905042,PM-03,03I25,WB,Double,05I27,2 HOUR METER
49.204852,-122.905042,PM-03,03I27,WB,Double,03I25,2 HOUR METER
49.209017,-122.914984,PM-03,03P01,NB,Double,03P03,2 HOUR METER
49.20878,-122.914971,PM-03,03P02,SB,Double,03P04,2 HOUR METER
49.209017,-122.914984,PM-03,03P03,NB,Double,03P01,2 HOUR METER
49.20878,-122.914971,PM-03,03P04,SB,Double,03P02,2 HOUR METER
49.209103,-122.915092,PM-03,03P05,NB,Double,03P07,2 HOUR METER
49.208865,-122.915077,PM-03,03P06,SB,Double,03P08,2 HOUR METER
49.209103,-122.915092,PM-03,03P07,NB,Double,03P05,2 HOUR METER
49.208865,-122.915077,PM-03,03P08,SB,Double,03P06,2 HOUR METER
49.209192,-122.915203,PM-03,03P09,NB,Double,03P11,2 HOUR METER
49.209013,-122.915262,PM-03,03P10,SB,Double,03P12,2 HOUR METER
49.209192,-122.915203,PM-03,03P11,NB,Double,03P09,2 HOUR METER
49.209013,-122.915262,PM-03,03P12,SB,Double,03P10,2 HOUR METER
49.209279,-122.915311,PM-03,03P13,NB,Double,03P15,2 HOUR METER
49.209098,-122.915369,PM-03,03P14,SB,Double,03P16,2 HOUR METER
49.209279,-122.915311,PM-03,03P15,NB,Double,03P13,2 HOUR METER
49.209098,-122.915369,PM-03,03P16,SB,Double,03P14,2 HOUR METER
49.209365,-122.915419,PM-03,03P17,NB,Double,03P19,2 HOUR METER
49.209186,-122.915479,PM-03,03P18,SB,Double,03P20,2 HOUR METER
49.209365,-122.915419,PM-03,03P19,NB,Double,03P17,2 HOUR METER
49.209186,-122.915479,PM-03,03P20,SB,Double,03P18,2 HOUR METER
49.209702,-122.915842,PM-03,03P21,NB,Double,03P23,2 HOUR METER
49.209273,-122.91559,PM-03,03P22,SB,Double,03P24,2 HOUR METER
49.209702,-122.915842,PM-03,03P23,NB,Double,03P21,2 HOUR METER
49.209273,-122.91559,PM-03,03P24,SB,Double,03P22,2 HOUR METER
49.209792,-122.915957,PM-03,03P25,NB,Double,03P27,2 HOUR METER
49.21191,-122.921147,PM-03,05N23,NB,Double,05N25,2 HOUR METER
49.211675,-122.921106,PM-03,05N24,SB,Double,05N22,2 HOUR METER
49.21191,-122.921147,PM-03,05N25,NB,Double,05N23,2 HOUR METER
49.211794,-122.921254,PM-03,05N26,SB,Single,,2 HOUR METER
49.211989,-122.92125,PM-03,05N27,NB,Single,,2 HOUR METER
49.211884,-122.921367,PM-03,05N28,SB,Double,05N30,2 HOUR METER
49.211884,-122.921367,PM-03,05N30,SB,Double,05N28,2 HOUR METER
49.21202,-122.921538,PM-03,05N32,SB,Single,,2 HOUR METER
49.212109,-122.92165,PM-03,05N34,SB,Double,05N36,2 HOUR METER
49.212109,-122.92165,PM-03,05N36,SB,Double,05N34,2 HOUR METER
49.212197,-122.918981,PM-03,05P01,NB,Double,05P03,2 HOUR METER
49.211945,-122.918948,PM-03,05P02,SB,Single,,2 HOUR METER
49.212197,-122.918981,PM-03,05P03,NB,Double,05P01,2 HOUR METER
49.212287,-122.919095,PM-03,05P05,NB,Double,05P07,2 HOUR METER
49.21203,-122.919055,PM-03,05P06,SB,Double,05P04,2 HOUR METER
49.212287,-122.919095,PM-03,05P07,NB,Double,05P07,2 HOUR METER
49.212118,-122.919168,PM-03,05P08,SB,Double,05P10,2 HOUR METER
49.212374,-122.919206,PM-03,05P09,NB,Double,05P11,2 HOUR METER
49.212118,-122.919168,PM-03,05P10,SB,Double,05P08,2 HOUR METER
49.212374,-122.919206,PM-03,05P11,NB,Double,05P09,2 HOUR METER
49.212203,-122.919275,PM-03,05P12,SB,Double,05P14,2 HOUR METER
49.212459,-122.919311,PM-03,05P13,NB,Double,05P15,2 HOUR METER
49.212203,-122.919275,PM-03,05P14,SB,Double,05P12,2 HOUR METER
49.212459,-122.919311,PM-03,05P15,NB,Double,05P13,2 HOUR METER
49.212287,-122.919375,PM-03,05P16,SB,Single,,2 HOUR METER
49.212657,-122.919559,PM-03,05P17,NB,Double,05P19,2 HOUR METER
49.212565,-122.919726,PM-03,05P18,SB,Double,05P20,2 HOUR METER
49.212657,-122.919559,PM-03,05P19,NB,Double,05P17,2 HOUR METER
49.212565,-122.919726,PM-03,05P20,SB,Double,05P18,2 HOUR METER
49.212744,-122.919667,PM-03,05P21,NB,Double,05P23,2 HOUR METER
49.212645,-122.919827,PM-03,05P22,SB,Double,05P24,2 HOUR METER
49.212744,-122.919667,PM-03,05P23,NB,Double,05P21,2 HOUR METER
49.212645,-122.919827,PM-03,05P24,SB,Double,05P22,2 HOUR METER
49.212834,-122.919778,PM-03,05P25,NB,Double,05P27,2 HOUR METER
49.212834,-122.919778,PM-03,05P27,NB,Double,05P25,2 HOUR METER
49.203583,-122.905888,PM-03,05R01,WB,Double,05R03,2 HOUR METER
49.203438,-122.905618,PM-03,05R02,EB,Single,,2 HOUR METER
49.203583,-122.905888,PM-03,05R03,WB,Double,05R01,2 HOUR METER
49.203352,-122.905746,PM-03,05R04,EB,Double,05R06,2 HOUR METER
49.203461,-122.906116,PM-03,05R05,WB,Double,05R07,2 HOUR METER
49.203352,-122.905746,PM-03,05R06,EB,Double,05R04,2 HOUR METER
49.203461,-122.906116,PM-03,05R07,EB,Double,05R05,2 HOUR METER
49.203278,-122.905864,PM-03,05R08,EB,Double,05R10,2 HOUR METER
49.203287,-122.906439,PM-03,05R09,WB,Double,05R11,2 HOUR METER
49.203278,-122.905864,PM-03,05R10,EB,Double,05R08,2 HOUR METER
49.203287,-122.906439,PM-03,05R11,WB,Double,05R09,2 HOUR METER
49.203232,-122.905945,PM-03,05R12,EB,Double,05R14,2 HOUR METER
49.203205,-122.906586,PM-03,05R13,WB,Double,05R15,2 HOUR METER
49.203232,-122.905945,PM-03,05R14,EB,Double,05R12,2 HOUR METER
49.203205,-122.906586,PM-03,05R15,WB,Double,05R13,2 HOUR METER
49.203193,-122.906014,PM-03,05R16,EB,Double,05R18,2 HOUR METER
49.203112,-122.906756,PM-03,05R17,WB,Double,05R19,2 HOUR METER
49.203193,-122.906014,PM-03,05R18,EB,Double,05R16,2 HOUR METER
49.203112,-122.906756,PM-03,05R19,WB,Double,05R17,2 HOUR METER
49.203152,-122.906085,PM-03,05R20,EB,Double,05R22,2 HOUR METER
49.203048,-122.906873,PM-03,05R21,WB,Double,05R23,2 HOUR METER
49.203152,-122.906085,PM-03,05R22,EB,Double,05R20,2 HOUR METER
49.203048,-122.906873,PM-03,05R23,WB,Double,05R21,2 HOUR METER
49.203094,-122.906179,PM-03,05R24,EB,Double,05R26,2 HOUR METER
49.203094,-122.906179,PM-03,05R26,EB,Double,05R24,2 HOUR METER
49.20305,-122.906278,PM-03,05R28,EB,Double,05R30,2 HOUR METER
49.20305,-122.906278,PM-03,05R30,EB,Double,05R28,2 HOUR METER
49.20299,-122.906362,PM-03,05R32,EB,Double,05R34,2 HOUR METER
49.20299,-122.906362,PM-03,05R34,EB,Double,05R32,2 HOUR METER
49.202948,-122.906435,PM-03,05R36,EB,Double,05R38,2 HOUR METER
49.202948,-122.906435,PM-03,05R38,EB,Double,05R36,2 HOUR METER
49.202894,-122.906532,PM-03,05R40,EB,Double,05R42,2 HOUR METER
49.202894,-122.906532,PM-03,05R42,EB,Double,05R40,2 HOUR METER
49.202847,-122.906613,PM-03,05R44,EB,Double,05R46,2 HOUR METER
49.202847,-122.906613,PM-03,05R46,EB,Double,05R44,2 HOUR METER
49.202797,-122.906697,PM-03,05R48,EB,Double,05R50,2 HOUR METER
49.202797,-122.906697,PM-03,05R50,EB,Double,05R48,2 HOUR METER
49.202747,-122.906787,PM-03,05R52,EB,Double,05R54,2 HOUR METER
49.202747,-122.906787,PM-03,05R54,EB,Double,05R52,2 HOUR METER
49.214681,-122.921783,PM-03,05T01,WB,Double,05T03,2 HOUR METER
49.21464,-122.921535,PM-03,05T02,EB,Double,05T04,2 HOUR METER
49.214681,-122.921783,PM-03,05T03,WB,Double,05T01,2 HOUR METER
49.21464,-122.921535,PM-03,05T04,EB,Double,05T02,2 HOUR METER
49.214563,-122.921677,PM-03,05T06,EB,Double,05T08,2 HOUR METER
49.214563,-122.921677,PM-03,05T08,EB,Double,05T06,2 HOUR METER
49.213726,-122.919429,PM-03,05U01,WB,Double,05U03,2 HOUR METER
49.213673,-122.919212,PM-03,05U02,EB,Single,,2 HOUR METER
49.213726,-122.919429,PM-03,05U03,WB,Double,05U01,2 HOUR METER
49.2136,-122.919347,PM-03,05U04,EB,Double,05U06,2 HOUR METER
49.213565,-122.919726,PM-03,05U05,WB,Double,05U07,2 HOUR METER
49.2136,-122.919347,PM-03,05U06,EB,Double,05U04,2 HOUR METER
49.213565,-122.919726,PM-03,05U07,WB,Double,05U05,2 HOUR METER
49.213522,-122.91949,PM-03,05U08,EB,Double,05U10,2 HOUR METER
49.213512,-122.919878,PM-03,05U09,WB,Single,,2 HOUR METER
49.213522,-122.91949,PM-03,05U10,EB,Double,05U08,2 HOUR METER
49.213394,-122.920091,PM-03,05U11,WB,Double,05U13,2 HOUR METER
49.213451,-122.919624,PM-03,05U12,EB,Double,05U14,2 HOUR METER
49.213394,-122.920091,PM-03,05U13,WB,Double,05U11,2 HOUR METER
49.213451,-122.919624,PM-03,05U14,EB,Double,05U12,2 HOUR METER
49.211841,-122.918252,PM-03,05W02,EB,Double,05W04,2 HOUR METER
49.211841,-122.918252,PM-03,05W04,EB,Double,05W02,2 HOUR METER
49.208082,-122.930977,PM-03,0601A,NB,Double,0603A,2 HOUR METER
49.20781,-122.930895,PM-03,0602A,SB,Double,0604A,2 HOUR METER
49.208082,-122.930977,PM-03,0603A,NB,Double,0601A,2 HOUR METER
49.20781,-122.930895,PM-03,0604A,SB,Double,0602A,2 HOUR METER
49.208165,-122.931081,PM-03,0605A,NB,Double,0607A,2 HOUR METER
49.207915,-122.931029,PM-03,0606A,SB,Double,0608A,2 HOUR METER
49.208165,-122.931081,PM-03,0607A,NB,Double,0605A,2 HOUR METER
49.207915,-122.931029,PM-03,0608A,SB,Double,0606A,2 HOUR METER
49.208503,-122.931508,PM-03,0609A,NB,Double,0611A,2 HOUR METER
49.208062,-122.931213,PM-03,0610A,SB,Single,,2 HOUR METER
49.208503,-122.931508,PM-03,0611A,NB,Double,0609A,2 HOUR METER
49.208131,-122.9313,PM-03,0612A,SB,Double,0614A,2 HOUR METER
49.20859,-122.931617,PM-03,0613A,NB,Single,,2 HOUR METER
49.208131,-122.9313,PM-03,0614A,SB,Double,0612A,2 HOUR METER
49.208745,-122.931814,PM-03,0615A,NB,Single,,2 HOUR METER
49.208391,-122.931632,PM-03,0616A,SB,Double,0618A,2 HOUR METER
49.208391,-122.931632,PM-03,0618A,SB,Double,0616A,2 HOUR METER
49.208469,-122.931726,PM-03,0620A,SB,Double,0622A,2 HOUR METER
49.208469,-122.931726,PM-03,0622A,SB,Double,0620A,2 HOUR METER
49.204745,-122.910244,PM-03,06A01,WB,Single,,2 HOUR METER
49.204648,-122.910101,PM-03,06A02,EB,Double,06A04,2 HOUR METER
49.204706,-122.910317,PM-03,06A03,WB,Double,06A05,2 HOUR METER
49.204648,-122.910101,PM-03,06A04,EB,Double,06A02,2 HOUR METER
49.204706,-122.910317,PM-03,06A05,WB,Double,06A03,2 HOUR METER
49.204472,-122.910454,PM-03,06A06,EB,Double,06A08,2 HOUR METER
49.204629,-122.910458,PM-03,06A07,WB,Double,06A09,2 HOUR METER
49.204472,-122.910454,PM-03,06A08,EB,Double,06A06,2 HOUR METER
49.204629,-122.910458,PM-03,06A09,WB,Double,06A07,2 HOUR METER
49.204361,-122.910661,PM-03,06A10,EB,Single,,2 HOUR METER
49.204376,-122.910913,PM-03,06A11,WB,Double,06A13,2 HOUR METER
49.204273,-122.910824,PM-03,06A12,EB,Double,06A14,2 HOUR METER
49.204376,-122.910913,PM-03,06A13,WB,Double,06A11,2 HOUR METER
49.204273,-122.910824,PM-03,06A14,EB,Double,06A12,2 HOUR METER
49.204305,-122.911046,PM-03,06A15,WB,Double,06A17,2 HOUR METER
49.204196,-122.910968,PM-03,06A16,EB,Double,06A18,2 HOUR METER
49.204305,-122.911046,PM-03,06A17,WB,Double,06A15,2 HOUR METER
49.204196,-122.910968,PM-03,06A18,EB,Double,06A16,2 HOUR METER
49.204225,-122.911192,PM-03,06A19,WB,Double,06A21,2 HOUR METER
49.20412,-122.911109,PM-03,06A20,EB,Double,06A22,2 HOUR METER
49.204225,-122.911192,PM-03,06A21,WB,Double,06A19,2 HOUR METER
49.20412,-122.911109,PM-03,06A22,EB,Double,06A20,2 HOUR METER
49.204049,-122.911257,PM-03,06A24,EB,Double,06A26,2 HOUR METER
49.204049,-122.911257,PM-03,06A26,EB,Double,06A24,2 HOUR METER
49.204037,-122.911352,PM-03,06A28,EB,Single,,2 HOUR METER
49.203902,-122.909431,PM-03,06F01,WB,Double,06F03,2 HOUR METER
49.203621,-122.909612,PM-03,06F02,EB,Double,06F04,2 HOUR METER
49.203902,-122.909431,PM-03,06F03,WB,Double,06F01,2 HOUR METER
49.203621,-122.909612,PM-03,06F04,EB,Double,06F02,2 HOUR METER
49.203828,-122.909575,PM-03,06F05,WB,Double,06F07,2 HOUR METER
49.203559,-122.909729,PM-03,06F06,EB,Double,06F08,2 HOUR METER
49.203828,-122.909575,PM-03,06F07,WB,Double,06F05,2 HOUR METER
49.203559,-122.909729,PM-03,06F08,EB,Double,06F06,2 HOUR METER
49.203752,-122.909714,PM-03,06F09,WB,Double,06F11,2 HOUR METER
49.20336,-122.910095,PM-05,06F10,EB,Double,06F12,2 HOUR HANDICAPPED METER
49.203752,-122.909714,PM-03,06F11,WB,Double,06F09,2 HOUR METER
49.20336,-122.910095,PM-05,06F12,EB,Double,06F10,2 HOUR HANDICAPPED METER
49.203675,-122.909844,PM-03,06F13,WB,Double,06F15,2 HOUR METER
49.203284,-122.910238,PM-03,06F14,EB,Single,,2 HOUR METER
49.203675,-122.909844,PM-03,06F15,WB,Double,06F13,2 HOUR METER
49.20309,-122.9106,PM-03,06F16,EB,Double,06F18,2 HOUR METER
49.203457,-122.910244,PM-03,06F17,WB,Double,06F19,2 HOUR METER
49.20309,-122.9106,PM-03,06F18,EB,Double,06F16,2 HOUR METER
49.203457,-122.910244,PM-03,06F19,WB,Double,06F17,2 HOUR METER
49.203047,-122.910681,PM-03,06F20,EB,Single,,2 HOUR METER
49.20338,-122.910385,PM-03,06F21,WB,Double,06F23,2 HOUR METER
49.20338,-122.910385,PM-03,06F23,WB,Double,06F21,2 HOUR METER
49.202847,-122.909957,PM-03,06H01,WB,Double,06H03,2 HOUR METER
49.203522,-122.908505,PM-03,06H02,EB,Double,06H04,2 HOUR METER
49.202847,-122.909957,PM-03,06H03,WB,Double,06H01,2 HOUR METER
49.203522,-122.908505,PM-03,06H04,EB,Double,06H02,2 HOUR METER
49.202765,-122.910108,PM-03,06H05,WB,Double,06H07,2 HOUR METER
49.203396,-122.908737,PM-03,06H06,EB,Single,,2 HOUR METER
49.202765,-122.910108,PM-03,06H07,WB,Double,06H05,2 HOUR METER
49.20332,-122.908875,PM-03,06H08,EB,Double,06H10,2 HOUR METER
49.202517,-122.910573,PM-03,06H09,WB,Double,06H11,2 HOUR METER
49.20332,-122.908875,PM-03,06H10,EB,Double,06H08,2 HOUR METER
49.202517,-122.910573,PM-03,06H11,WB,Double,06H09,2 HOUR METER
49.203238,-122.909028,PM-05,06H12,EB,Double,06H14,2 HOUR HANDICAPPED METER
49.202485,-122.910632,PM-03,06H13,WB,Single,,2 HOUR METER
49.203238,-122.909028,PM-05,06H14,EB,Double,06H12,2 HOUR HANDICAPPED METER
49.203199,-122.909099,PM-03,06H16,EB,Single,,2 HOUR METER
49.203878,-122.909129,PM-03,06H18,EB,Double,06H20,2 HOUR METER
49.203878,-122.909129,PM-03,06H20,EB,Double,06H18,2 HOUR METER
49.202951,-122.90853,PM-03,06I01,WB,Double,06I03,2 HOUR METER
49.202837,-122.908293,PM-03,06I02,EB,Double,06I04,2 HOUR METER
49.202951,-122.90853,PM-03,06I03,WB,Double,06I01,2 HOUR METER
49.202837,-122.908293,PM-03,06I04,EB,Double,06I02,2 HOUR METER
49.202885,-122.908652,PM-03,06I05,WB,Single,,2 HOUR METER
49.202778,-122.908416,PM-03,06I06,EB,Double,06I08,2 HOUR METER
49.202845,-122.908728,PM-05,06I07,WB,Single,,2 HOUR HANDICAPPED METER
49.202778,-122.908416,PM-03,06I08,EB,Double,06I06,2 HOUR METER
49.20255,-122.909269,PM-03,06I09,WB,Double,06I11,2 HOUR METER
49.202712,-122.908545,PM-03,06I10,EB,Single,,2 HOUR METER
49.20255,-122.909269,PM-03,06I11,WB,Double,06I09,2 HOUR METER
49.202368,-122.909181,PM-03,06I12,EB,Double,06I14,2 HOUR METER
49.202507,-122.909352,PM-03,06I13,WB,Double,06I15,2 HOUR METER
49.202368,-122.909181,PM-03,06I14,EB,Double,06I12,2 HOUR METER
49.202507,-122.909352,PM-03,06I15,WB,Double,06I13,2 HOUR METER
49.2023,-122.909306,PM-03,06I16,EB,Double,06I18,2 HOUR METER
49.202461,-122.909434,PM-03,06I17,WB,Double,06I19,2 HOUR METER
49.2023,-122.909306,PM-03,06I18,EB,Double,06I16,2 HOUR METER
49.202461,-122.909434,PM-03,06I19,WB,Double,06I17,2 HOUR METER
49.202265,-122.90937,PM-03,06I20,EB,Single,,2 HOUR METER
49.20241,-122.909526,PM-03,06I21,WB,Single,,2 HOUR METER
49.205644,-122.91134,PM-03,06M01,WB,Double,06M03,2 HOUR METER
49.205139,-122.911649,PM-03,06M02,EB,Single,,2 HOUR METER
49.205644,-122.91134,PM-03,06M03,WB,Double,06M01,2 HOUR METER
49.205073,-122.911773,PM-03,06M04,EB,Double,06M06,2 HOUR METER
49.205568,-122.911479,PM-03,06M05,WB,Double,06M07,2 HOUR METER
49.205073,-122.911773,PM-03,06M06,EB,Double,06M04,2 HOUR METER
49.205568,-122.911479,PM-03,06M07,WB,Double,06M05,2 HOUR METER
49.204999,-122.911913,PM-03,06M08,EB,Double,06M10,2 HOUR METER
49.205494,-122.911616,PM-03,06M09,WB,Double,06M11,2 HOUR METER
49.204999,-122.911913,PM-03,06M10,EB,Double,06M08,2 HOUR METER
49.205494,-122.911616,PM-03,06M11,WB,Double,06M09,2 HOUR METER
49.213948,-122.921181,PM-03,06P01,NB,Double,06P03,2 HOUR METER
49.213401,-122.920803,PM-03,06P02,SB,Single,,2 HOUR METER
49.213948,-122.921181,PM-03,06P03,NB,Double,06P01,2 HOUR METER
49.213486,-122.920913,PM-03,06P04,SB,Double,06P06,2 HOUR METER
49.214036,-122.921291,PM-03,06P05,NB,Double,06P07,2 HOUR METER
49.213486,-122.920913,PM-03,06P06,SB,Double,06P04,2 HOUR METER
49.214036,-122.921291,PM-03,06P07,NB,Double,06P05,2 HOUR METER
49.213583,-122.921034,PM-03,06P08,SB,Double,06P10,2 HOUR METER
49.214124,-122.921404,PM-03,06P09,NB,Double,06P11,2 HOUR METER
49.213583,-122.921034,PM-03,06P10,SB,Double,06P08,2 HOUR METER
49.214124,-122.921404,PM-03,06P11,NB,Double,06P09,2 HOUR METER
49.213976,-122.921504,PM-03,06P12,SB,Double,06P14,2 HOUR METER
49.214216,-122.921525,PM-03,06P13,NB,Double,06P15,2 HOUR METER
49.213976,-122.921504,PM-03,06P14,SB,Double,06P12,2 HOUR METER
49.214216,-122.921525,PM-03,06P15,NB,Double,06P13,2 HOUR METER
49.214065,-122.921613,PM-03,06P16,SB,Double,06P18,2 HOUR METER
49.214294,-122.92162,PM-03,06P17,NB,Double,06P19,2 HOUR METER
49.214065,-122.921613,PM-03,06P18,SB,Double,06P16,2 HOUR METER
49.214294,-122.92162,PM-03,06P19,NB,Double,06P17,2 HOUR METER
49.214161,-122.921738,PM-03,06P20,SB,Double,06P22,2 HOUR METER
49.214161,-122.921738,PM-03,06P22,SB,Double,06P20,2 HOUR METER
49.202614,-122.907675,PM-03,06R01,WB,Double,06R03,2 HOUR METER
49.202614,-122.907675,PM-03,06R03,WB,Double,06R01,2 HOUR METER
49.202549,-122.907793,PM-03,06R05,WB,Double,06R07,2 HOUR METER
49.202549,-122.907793,PM-03,06R07,WB,Double,06R05,2 HOUR METER
49.202484,-122.907913,PM-03,06R09,WB,Double,06R11,2 HOUR METER
49.202484,-122.907913,PM-03,06R11,WB,Double,06R09,2 HOUR METER
49.202369,-122.908127,PM-03,06R13,WB,Double,06R15,2 HOUR METER
49.202369,-122.908127,PM-03,06R15,WB,Double,06R13,2 HOUR METER
49.202203,-122.908443,PM-03,06R17,WB,Single,,2 HOUR METER
49.202139,-122.90856,PM-03,06R19,WB,Double,06R21,2 HOUR METER
49.202139,-122.90856,PM-03,06R21,WB,Double,06R19,2 HOUR METER
49.202103,-122.908629,PM-03,06R23,WB,Single,,2 HOUR METER
49.201962,-122.908891,PM-03,06R25,WB,Double,06R27,2 HOUR METER
49.201962,-122.908891,PM-03,06R27,WB,Double,06R25,2 HOUR METER
49.215067,-122.923166,PM-03,06S02,EB,Double,06S04,2 HOUR METER
49.215067,-122.923166,PM-03,06S04,EB,Double,06S02,2 HOUR METER
49.214391,-122.922323,PM-03,06T01,WB,Double,06T03,2 HOUR METER
49.214293,-122.922182,PM-03,06T02,EB,Single,,2 HOUR METER
49.214391,-122.922323,PM-03,06T03,WB,Double,06T01,2 HOUR METER
49.21426,-122.922245,PM-03,06T04,EB,Double,06T06,2 HOUR METER
49.21432,-122.922457,PM-03,06T05,WB,Double,06T07,2 HOUR METER
49.21426,-122.922245,PM-03,06T06,EB,Double,06T04,2 HOUR METER
49.21432,-122.922457,PM-03,06T07,WB,Double,06T05,2 HOUR METER
49.214149,-122.922451,PM-03,06T08,EB,Double,06T10,2 HOUR METER
49.214149,-122.922451,PM-03,06T10,EB,Double,06T08,2 HOUR METER
49.212782,-122.920861,PM-05,06U02,EB,Single,,2 HOUR HANDICAPPED METER
49.212667,-122.921075,PM-05,06U04,EB,Double,06U06,2 HOUR HANDICAPPED METER
49.212667,-122.921075,PM-03,06U06,EB,Double,06U04,2 HOUR METER
49.212605,-122.921191,PM-03,06U08,EB,Double,06U10,2 HOUR METER
49.212605,-122.921191,PM-03,06U10,EB,Double,06U08,2 HOUR METER
49.212543,-122.921307,PM-03,06U12,EB,Double,06U14,2 HOUR METER
49.212543,-122.921307,PM-03,06U14,EB,Double,06U12,2 HOUR METER
49.212479,-122.921425,PM-03,06U16,EB,Double,06U18,2 HOUR METER
49.212479,-122.921425,PM-03,06U18,EB,Double,06U16,2 HOUR METER
49.212413,-122.921547,PM-03,06U20,EB,Double,06U22,2 HOUR METER
49.212413,-122.921547,PM-03,06U22,EB,Double,06U20,2 HOUR METER
49.21238,-122.919733,PM-03,06V01,WB,Double,06V03,2 HOUR METER
49.212127,-122.919894,PM-03,06V02,EB,Double,06V04,2 HOUR METER
49.21238,-122.919733,PM-03,06V03,WB,Double,06V01,2 HOUR METER
49.212127,-122.919894,PM-03,06V04,EB,Double,06V02,2 HOUR METER
49.212304,-122.919874,PM-03,06V05,WB,Double,06V07,2 HOUR METER
49.212061,-122.920018,PM-03,06V06,EB,Double,06V08,2 HOUR METER
49.212304,-122.919874,PM-03,06V07,WB,Double,06V05,2 HOUR METER
49.212061,-122.920018,PM-03,06V08,EB,Double,06V06,2 HOUR METER
49.212232,-122.920007,PM-03,06V09,WB,Single,,2 HOUR METER
49.211917,-122.920288,PM-03,06V10,EB,Single,,2 HOUR METER
49.212056,-122.920331,PM-01,06V11,WB,Single,,15 MINUTE METER
49.211843,-122.920428,PM-03,06V12,EB,Double,06V14,2 HOUR METER
49.212056,-122.920331,PM-05,06V13,WB,Single,,2 HOUR HANDICAPPED METER
49.211843,-122.920428,PM-03,06V14,EB,Double,06V12,2 HOUR METER
49.211975,-122.920484,PM-03,06V15,WB,Double,06V17,2 HOUR METER
49.211723,-122.920651,PM-03,06V16,EB,Double,06V18,2 HOUR METER
49.211975,-122.920484,PM-03,06V17,WB,Double,06V15,2 HOUR METER
49.211723,-122.920651,PM-03,06V18,EB,Double,06V16,2 HOUR METER
49.2119,-122.920623,PM-03,06V19,WB,Double,06V21,2 HOUR METER
49.2119,-122.920623,PM-03,06V21,WB,Double,06V19,2 HOUR METER
49.211827,-122.920761,PM-03,06V23,WB,Double,06V25,2 HOUR METER
49.211827,-122.920761,PM-03,06V25,WB,Double,06V23,2 HOUR METER
49.211638,-122.918911,PM-03,06W01,WB,Double,06W03,2 HOUR METER
49.211638,-122.918911,PM-03,06W03,WB,Double,06W01,2 HOUR METER
49.211428,-122.9193,PM-03,06W05,WB,Double,06W07,2 HOUR METER
49.211428,-122.9193,PM-03,06W07,WB,Double,06W05,2 HOUR METER
49.211268,-122.919602,PM-03,06W09,WB,Double,06W11,2 HOUR METER
49.211268,-122.919602,PM-03,06W11,WB,Double,06W09,2 HOUR METER
49.211197,-122.919734,PM-03,06W13,WB,Double,06W15,2 HOUR METER
49.211197,-122.919734,PM-03,06W15,WB,Double,06W13,2 HOUR METER
49.209478,-122.932734,PM-03,0701A,NB,Double,0703A,2 HOUR METER
49.209053,-122.932466,PM-03,0702A,SB,Single,,2 HOUR METER
49.209478,-122.932734,PM-03,0703A,NB,Double,0701A,2 HOUR METER
49.209205,-122.932656,PM-03,0704A,SB,Double,0706A,2 HOUR METER
49.209573,-122.932852,PM-03,0705A,NB,Double,0707A,2 HOUR METER
49.209205,-122.932656,PM-03,0706A,SB,Double,0704A,2 HOUR METER
49.209573,-122.932852,PM-03,0707A,NB,Double,0705A,2 HOUR METER
49.209419,-122.932921,PM-03,0708A,SB,Double,0710A,2 HOUR METER
49.209661,-122.932961,PM-03,0709A,NB,Single,,2 HOUR METER
49.209419,-122.932921,PM-03,0710A,SB,Double,0708A,2 HOUR METER
49.209983,-122.933368,PM-03,0711A,NB,Double,0713A,2 HOUR METER
49.209785,-122.933384,PM-03,0712A,SB,Single,,2 HOUR METER
49.209983,-122.933368,PM-03,0713A,NB,Double,0711A,2 HOUR METER
49.209865,-122.933483,PM-03,0714A,SB,Double,0716A,2 HOUR METER
49.210067,-122.933475,PM-03,0715A,NB,Double,0717A,2 HOUR METER
49.209865,-122.933483,PM-03,0716A,SB,Double,0714A,2 HOUR METER
49.210067,-122.933475,PM-03,0717A,NB,Double,0715A,2 HOUR METER
49.209968,-122.933612,PM-03,0718A,SB,Double,0720A,2 HOUR METER
49.210269,-122.933726,PM-03,0719A,NB,Double,0721A,2 HOUR METER
49.209968,-122.933612,PM-03,0720A,SB,Double,0718A,2 HOUR METER
49.210269,-122.933726,PM-03,0721A,NB,Double,0719A,2 HOUR METER
49.210168,-122.933865,PM-03,0722A,SB,Double,0724A,2 HOUR METER
49.210356,-122.933834,PM-03,0723A,NB,Double,0725A,2 HOUR METER
49.210168,-122.933865,PM-03,0724A,SB,Double,0722A,2 HOUR METER
49.210356,-122.933834,PM-03,0725A,NB,Double,0723A,2 HOUR METER
49.202941,-122.911216,PM-03,07F01,WB,Single,,2 HOUR METER
49.203023,-122.910742,PM-03,07F02,EB,Single,,2 HOUR METER
49.202898,-122.911295,PM-03,07F03,WB,Double,07F05,2 HOUR METER
49.202899,-122.91097,PM-03,07F04,EB,Double,07F06,2 HOUR METER
49.202898,-122.911295,PM-03,07F05,WB,Double,07F03,2 HOUR METER
49.202899,-122.91097,PM-03,07F06,EB,Double,07F04,2 HOUR METER
49.202821,-122.911439,PM-03,07F07,WB,Single,,2 HOUR METER
49.202771,-122.91153,PM-03,07F09,WB,Double,07F11,2 HOUR METER
49.202771,-122.91153,PM-03,07F11,WB,Double,07F09,2 HOUR METER
49.202613,-122.911824,PM-03,07F13,WB,Double,07F15,2 HOUR METER
49.202613,-122.911824,PM-03,07F15,WB,Double,07F13,2 HOUR METER
49.202386,-122.912243,PM-03,07F17,WB,Double,07F19,2 HOUR METER
49.202386,-122.912243,PM-03,07F19,WB,Double,07F17,2 HOUR METER
49.20214,-122.910063,PM-03,07I01,WB,Double,07I03,2 HOUR METER
49.202098,-122.909667,PM-03,07I02,EB,Double,07I04,2 HOUR METER
49.20214,-122.910063,PM-03,07I03,WB,Double,07I01,2 HOUR METER
49.202098,-122.909667,PM-03,07I04,EB,Double,07I02,2 HOUR METER
49.202073,-122.910185,PM-03,07I05,WB,Double,07I07,2 HOUR METER
49.202017,-122.909803,PM-03,07I06,EB,Double,07I08,2 HOUR METER
49.202073,-122.910185,PM-03,07I07,WB,Double,07I05,2 HOUR METER
49.202017,-122.909803,PM-03,07I08,EB,Double,07I06,2 HOUR METER
49.201788,-122.910691,PM-03,07I09,WB,Single,,2 HOUR METER
49.201972,-122.909882,PM-03,07I10,EB,Single,,2 HOUR METER
49.201715,-122.910829,PM-03,07I11,WB,Double,07I13,2 HOUR METER
49.20162,-122.910541,PM-03,07I12,EB,Single,,2 HOUR METER
49.201715,-122.910829,PM-03,07I13,WB,Double,07I11,2 HOUR METER
49.201556,-122.910662,PM-03,07I14,EB,Double,07I16,2 HOUR METER
49.201556,-122.910662,PM-03,07I16,EB,Double,07I14,2 HOUR METER
49.201487,-122.910788,PM-03,07I18,EB,Double,07I20,2 HOUR METER
49.201487,-122.910788,PM-03,07I20,EB,Double,07I18,2 HOUR METER
49.201426,-122.910902,PM-03,07I22,EB,Double,07I24,2 HOUR METER
49.201426,-122.910902,PM-03,07I24,EB,Double,07I22,2 HOUR METER
49.201363,-122.911018,PM-03,07I26,EB,Double,07I28,2 HOUR METER
49.201363,-122.911018,PM-03,07I28,EB,Double,07I26,2 HOUR METER
49.202931,-122.909104,PM-03,07L05,NB,Single,,2 HOUR METER
49.202976,-122.90916,PM-03,07L07,NB,Single,,2 HOUR METER
49.203021,-122.909217,PM-03,07L09,NB,Single,,2 HOUR METER
49.204592,-122.91267,PM-03,07M02,EB,Double,07M04,2 HOUR METER
49.204592,-122.91267,PM-03,07M04,EB,Double,07M02,2 HOUR METER
49.204519,-122.912805,PM-03,07M06,EB,Double,07M08,2 HOUR METER
49.204519,-122.912805,PM-03,07M08,EB,Double,07M06,2 HOUR METER
49.204449,-122.912935,PM-03,07M10,EB,Double,07M12,2 HOUR METER
49.204449,-122.912935,PM-03,07M12,EB,Double,07M10,2 HOUR METER
49.204304,-122.913199,PM-03,07M14,EB,Double,07M16,2 HOUR METER
49.204304,-122.913199,PM-03,07M16,EB,Double,07M14,2 HOUR METER
49.204234,-122.91333,PM-03,07M18,EB,Double,07M20,2 HOUR METER
49.204234,-122.91333,PM-03,07M20,EB,Double,07M18,2 HOUR METER
49.204165,-122.913458,PM-03,07M22,EB,Double,07M24,2 HOUR METER
49.204165,-122.913458,PM-03,07M24,EB,Double,07M22,2 HOUR METER
49.204097,-122.913588,PM-03,07M26,EB,Double,07M28,2 HOUR METER
49.204097,-122.913588,PM-03,07M28,EB,Double,07M26,2 HOUR METER
49.204028,-122.913713,PM-03,07M30,EB,Double,07M32,2 HOUR METER
49.204028,-122.913713,PM-03,07M32,EB,Double,07M30,2 HOUR METER
49.203957,-122.913845,PM-03,07M34,EB,Double,07M36,2 HOUR METER
49.203957,-122.913845,PM-03,07M36,EB,Double,07M34,2 HOUR METER
49.203888,-122.913972,PM-03,07M38,EB,Double,07M40,2 HOUR METER
49.203888,-122.913972,PM-03,07M40,EB,Double,07M38,2 HOUR METER
49.203818,-122.914102,PM-03,07M42,EB,Double,07M44,2 HOUR METER
49.203818,-122.914102,PM-03,07M44,EB,Double,07M42,2 HOUR METER
49.214802,-122.922254,PM-03,07P01,NB,Single,,2 HOUR METER
49.214703,-122.922413,PM-03,07P02,SB,Double,07P04,2 HOUR METER
49.214844,-122.922306,PM-03,07P03,NB,Double,07P05,2 HOUR METER
49.214703,-122.922413,PM-03,07P04,SB,Double,07P02,2 HOUR METER
49.214844,-122.922306,PM-03,07P05,NB,Double,07P03,2 HOUR METER
49.214795,-122.922528,PM-03,07P06,SB,Double,07P08,2 HOUR METER
49.215024,-122.922534,PM-03,07P07,NB,Double,07P09,2 HOUR METER
49.214795,-122.922528,PM-03,07P08,SB,Double,07P06,2 HOUR METER
49.215024,-122.922534,PM-03,07P09,NB,Double,07P07,2 HOUR METER
49.214876,-122.92263,PM-03,07P10,SB,Double,07P12,2 HOUR METER
49.215161,-122.922705,PM-03,07P11,NB,Double,07P13,2 HOUR METER
49.214876,-122.92263,PM-03,07P12,SB,Double,07P10,2 HOUR METER
49.215161,-122.922705,PM-03,07P13,NB,Double,07P11,2 HOUR METER
49.214961,-122.922738,PM-03,07P14,SB,Single,,2 HOUR METER
49.215288,-122.922867,PM-03,07P15,NB,Double,07P17,2 HOUR METER
49.215288,-122.922867,PM-03,07P17,NB,Double,07P15,2 HOUR METER
49.21535,-122.923226,PM-03,07P18,SB,Double,07P20,2 HOUR METER
49.215373,-122.922974,PM-03,07P19,NB,Double,07P21,2 HOUR METER
49.21535,-122.923226,PM-03,07P20,SB,Double,07P18,2 HOUR METER
49.215373,-122.922974,PM-03,07P21,NB,Double,07P19,2 HOUR METER
49.215463,-122.923086,PM-03,07P23,NB,Double,07P25,2 HOUR METER
49.215463,-122.923086,PM-03,07P25,NB,Double,07P23,2 HOUR METER
49.215552,-122.923196,PM-03,07P27,NB,Double,07P29,2 HOUR METER
49.215552,-122.923196,PM-03,07P29,NB,Double,07P27,2 HOUR METER
49.20184,-122.909115,PM-03,07R01,WB,Double,07R03,2 HOUR METER
49.20184,-122.909115,PM-03,07R03,WB,Double,07R01,2 HOUR METER
49.201781,-122.909227,PM-03,07R05,WB,Double,07R07,2 HOUR METER
49.201781,-122.909227,PM-03,07R07,WB,Double,07R05,2 HOUR METER
49.201718,-122.909344,PM-03,07R09,WB,Double,07R11,2 HOUR METER
49.201718,-122.909344,PM-03,07R11,WB,Double,07R09,2 HOUR METER
49.201175,-122.91035,PM-03,07R17,WB,Double,07R19,2 HOUR METER
49.201175,-122.91035,PM-03,07R19,WB,Double,07R17,2 HOUR METER
49.201108,-122.91048,PM-03,07R21,WB,Double,07R23,2 HOUR METER
49.201108,-122.91048,PM-03,07R23,WB,Double,07R21,2 HOUR METER
49.201039,-122.910607,PM-03,07R25,WB,Double,07R27,2 HOUR METER
49.201039,-122.910607,PM-03,07R27,WB,Double,07R25,2 HOUR METER
49.201004,-122.910674,PM-03,07R29,WB,Single,,2 HOUR METER
49.212164,-122.922002,PM-03,07U02,EB,Single,,2 HOUR METER
49.212095,-122.922131,PM-03,07U04,EB,Double,07U06,2 HOUR METER
49.212095,-122.922131,PM-03,07U06,EB,Double,07U04,2 HOUR METER
49.211957,-122.92239,PM-03,07U08,EB,Double,07U10,2 HOUR METER
49.211957,-122.92239,PM-03,07U10,EB,Double,07U08,2 HOUR METER
49.211898,-122.9225,PM-03,07U12,EB,Double,07U14,2 HOUR METER
49.211898,-122.9225,PM-03,07U14,EB,Double,07U12,2 HOUR METER
49.211829,-122.922629,PM-05,07U16,EB,Double,07U18,2 HOUR HANDICAPPED METER
49.211829,-122.922629,PM-05,07U18,EB,Double,07U16,2 HOUR HANDICAPPED METER
49.211721,-122.922831,PM-03,07U20,EB,Single,,2 HOUR METER
49.211659,-122.922946,PM-03,07U22,EB,Double,07U24,2 HOUR METER
49.211659,-122.922946,PM-03,07U24,EB,Double,07U22,2 HOUR METER
49.21099,-122.934638,PM-02,0801A,NB,Double,0803A,30 MINUTE METER
49.210644,-122.934466,PM-03,0802A,SB,Double,0804A,2 HOUR METER
49.21099,-122.934638,PM-02,0803A,NB,Double,0801A,30 MINUTE METER
49.210644,-122.934466,PM-03,0804A,SB,Double,0802A,2 HOUR METER
49.211072,-122.934739,PM-03,0805A,NB,Double,0807A,2 HOUR METER
49.210746,-122.934594,PM-03,0806A,SB,Double,0808A,2 HOUR METER
49.211072,-122.934739,PM-03,0807A,NB,Double,0805A,2 HOUR METER
49.210746,-122.934594,PM-03,0808A,SB,Double,0806A,2 HOUR METER
49.211151,-122.934836,PM-03,0809A,NB,Single,,2 HOUR METER
49.21087,-122.934745,PM-03,0810A,SB,Single,,2 HOUR METER
49.211403,-122.935155,PM-03,0811A,NB,Double,0813A,2 HOUR METER
49.210977,-122.934882,PM-03,0812A,SB,Single,,2 HOUR METER
49.211403,-122.935155,PM-03,0813A,NB,Double,0811A,2 HOUR METER
49.211065,-122.934993,PM-03,0814A,SB,Double,0816A,2 HOUR METER
49.211491,-122.935264,PM-03,0815A,NB,Double,0817A,2 HOUR METER
49.211491,-122.935264,PM-03,0817A,NB,Double,0815A,2 HOUR METER
49.211273,-122.935254,PM-03,0818A,SB,Single,,2 HOUR METER
49.211583,-122.935377,PM-03,0819A,NB,Single,,2 HOUR METER
49.211351,-122.935352,PM-03,0820A,SB,Double,0822A,2 HOUR METER
49.211739,-122.935574,PM-03,0821A,NB,Double,0823A,2 HOUR METER
49.211351,-122.935352,PM-03,0822A,SB,Double,0820A,2 HOUR METER
49.211739,-122.935574,PM-03,0823A,NB,Double,0821A,2 HOUR METER
49.211443,-122.935468,PM-03,0824A,SB,Double,0826A,2 HOUR METER
49.211821,-122.935679,PM-03,0825A,NB,Double,0827A,2 HOUR METER
49.211443,-122.935468,PM-03,0826A,SB,Double,0824A,2 HOUR METER
49.211821,-122.935679,PM-03,0827A,NB,Double,0825A,2 HOUR METER
49.211525,-122.93557,PM-03,0828A,SB,Double,0830A,2 HOUR METER
49.211525,-122.93557,PM-03,0830A,SB,Double,0828A,2 HOUR METER
49.211614,-122.935682,PM-03,0832A,SB,Double,0834A,2 HOUR METER
49.211614,-122.935682,PM-03,0834A,SB,Double,0832A,2 HOUR METER
49.211691,-122.935779,PM-03,0836A,SB,Double,0838A,2 HOUR METER
49.211691,-122.935779,PM-03,0838A,SB,Double,0836A,2 HOUR METER
49.211786,-122.935898,PM-03,0840A,SB,Double,0842A,2 HOUR METER
49.211786,-122.935898,PM-03,0842A,SB,Double,0840A,2 HOUR METER
49.20271,-122.914029,PM-03,08A01,WB,Double,08A03,2 HOUR METER
49.202379,-122.914305,PM-03,08A02,EB,Double,08A04,2 HOUR METER
49.20271,-122.914029,PM-03,08A03,WB,Double,08A01,2 HOUR METER
49.202379,-122.914305,PM-03,08A04,EB,Double,08A02,2 HOUR METER
49.202675,-122.914092,PM-03,08A05,WB,Double,08A07,2 HOUR METER
49.202339,-122.914379,PM-03,08A06,EB,Single,,2 HOUR METER
49.202675,-122.914092,PM-03,08A07,WB,Double,08A05,2 HOUR METER
49.202022,-122.914963,PM-03,08A08,EB,Double,08A10,2 HOUR METER
49.202641,-122.914157,PM-03,08A09,WB,Double,08A11,2 HOUR METER
49.202022,-122.914963,PM-03,08A10,EB,Double,08A08,2 HOUR METER
49.202641,-122.914157,PM-03,08A11,WB,Double,08A09,2 HOUR METER
49.201846,-122.915324,PM-03,08A12,EB,Double,08A14,2 HOUR METER
49.202478,-122.91443,PM-03,08A13,WB,Single,,2 HOUR METER
49.201846,-122.915324,PM-03,08A14,EB,Double,08A12,2 HOUR METER
49.20244,-122.914502,PM-03,08A15,WB,Double,08A17,2 HOUR METER
49.201783,-122.915442,PM-03,08A16,EB,Double,08A18,2 HOUR METER
49.20244,-122.914502,PM-03,08A17,WB,Double,08A15,2 HOUR METER
49.201783,-122.915442,PM-03,08A18,EB,Double,08A16,2 HOUR METER
49.202355,-122.914659,PM-03,08A19,WB,Double,08A21,2 HOUR METER
49.202355,-122.914659,PM-03,08A21,WB,Double,08A19,2 HOUR METER
49.202158,-122.915025,PM-03,08A23,WB,Single,,2 HOUR METER
49.202017,-122.91528,PM-03,08A25,WB,Double,08A27,2 HOUR METER
49.202017,-122.91528,PM-03,08A27,WB,Double,08A25,2 HOUR METER
49.201981,-122.915348,PM-03,08A29,WB,Single,,2 HOUR METER
49.201938,-122.91306,PM-03,08F01,WB,Double,08F03,2 HOUR METER
49.20184,-122.912935,PM-03,08F02,EB,Double,08F04,2 HOUR METER
49.201938,-122.91306,PM-03,08F03,WB,Double,08F01,2 HOUR METER
49.20184,-122.912935,PM-03,08F04,EB,Double,08F02,2 HOUR METER
49.201662,-122.913561,PM-03,08F05,WB,Single,,2 HOUR METER
49.201476,-122.913913,PM-03,08F07,WB,Double,08F09,2 HOUR METER
49.201476,-122.913913,PM-03,08F09,WB,Double,08F07,2 HOUR METER
49.201361,-122.914132,PM-03,08F11,WB,Single,,2 HOUR METER
49.201205,-122.91442,PM-03,08F15,WB,Double,08F17,2 HOUR METER
49.201205,-122.91442,PM-03,08F17,WB,Double,08F15,2 HOUR METER
49.201128,-122.914563,PM-03,08F19,WB,Double,08F21,2 HOUR METER
49.201128,-122.914563,PM-03,08F21,WB,Double,08F19,2 HOUR METER
49.201061,-122.914685,PM-03,08F23,WB,Single,,2 HOUR METER
49.21128,-122.920607,PM-03,08N10,SB,Double,05N08,2 HOUR METER
49.212463,-122.936484,PM-01,0901A,NB,Double,0903A,15 MINUTE METER
49.211946,-122.936096,PM-03,0902A,SB,Double,0904A,2 HOUR METER
49.212463,-122.936484,PM-01,0903A,NB,Double,0901A,15 MINUTE METER
49.211946,-122.936096,PM-03,0904A,SB,Double,0902A,2 HOUR METER
49.212546,-122.936589,PM-03,0905A,NB,Double,0907A,2 HOUR METER
49.212077,-122.936261,PM-03,0906A,SB,Single,,2 HOUR METER
49.212546,-122.936589,PM-03,0907A,NB,Double,0905A,2 HOUR METER
49.21216,-122.936364,PM-03,0908A,SB,Double,0910A,2 HOUR METER
49.212619,-122.936683,PM-03,0909A,NB,Single,,2 HOUR METER
49.21216,-122.936364,PM-03,0910A,SB,Double,0908A,2 HOUR METER
49.212882,-122.937015,PM-03,0911A,NB,Double,0913A,2 HOUR METER
49.212246,-122.936473,PM-03,0912A,SB,Double,0914A,2 HOUR METER
49.212882,-122.937015,PM-03,0913A,NB,Double,0911A,2 HOUR METER
49.212246,-122.936473,PM-03,0914A,SB,Double,0912A,2 HOUR METER
49.212981,-122.937139,PM-03,0915A,NB,Double,0917A,2 HOUR METER
49.212296,-122.936536,PM-03,0916A,SB,Single,,2 HOUR METER
49.212981,-122.937139,PM-03,0917A,NB,Double,0915A,2 HOUR METER
49.212765,-122.93713,PM-03,0918A,SB,Single,,2 HOUR METER
49.213066,-122.937246,PM-03,0919A,NB,Single,,2 HOUR METER
49.212857,-122.937246,PM-03,0920A,SB,Double,0922A,2 HOUR METER
49.212857,-122.937246,PM-03,0922A,SB,Double,0920A,2 HOUR METER
49.212941,-122.93735,PM-03,0924A,SB,Double,0926A,2 HOUR METER
49.212941,-122.93735,PM-03,0926A,SB,Double,0924A,2 HOUR METER
49.213029,-122.937459,PM-03,0928A,SB,Double,0930A,2 HOUR METER
49.213029,-122.937459,PM-03,0930A,SB,Double,0928A,2 HOUR METER
49.213117,-122.937572,PM-03,0932A,SB,Double,0934A,2 HOUR METER
49.213117,-122.937572,PM-03,0934A,SB,Double,0932A,2 HOUR METER
49.201659,-122.915997,PM-03,09A01,WB,Double,09A03,2 HOUR METER
49.201659,-122.915997,PM-03,09A03,WB,Double,09A01,2 HOUR METER
49.201624,-122.91606,PM-03,09A05,WB,Double,09A07,2 HOUR METER
49.201624,-122.91606,PM-03,09A07,WB,Double,09A05,2 HOUR METER
49.201588,-122.916124,PM-03,09A09,WB,Double,09A11,2 HOUR METER
49.201588,-122.916124,PM-03,09A11,WB,Double,09A09,2 HOUR METER
49.201554,-122.91619,PM-03,09A13,WB,Double,09A15,2 HOUR METER
49.201554,-122.91619,PM-03,09A15,WB,Double,09A13,2 HOUR METER
49.201518,-122.916252,PM-03,09A17,WB,Double,09A19,2 HOUR METER
49.201518,-122.916252,PM-03,09A19,WB,Double,09A17,2 HOUR METER
49.200891,-122.914999,PM-03,09F01,WB,Double,09F03,2 HOUR METER
49.200891,-122.914999,PM-03,09F03,WB,Double,09F01,2 HOUR METER
49.200821,-122.915128,PM-03,09F05,WB,Double,09F07,2 HOUR METER
49.200821,-122.915128,PM-03,09F07,WB,Double,09F05,2 HOUR METER
49.200752,-122.915257,PM-03,09F09,WB,Double,09F11,2 HOUR METER
49.200752,-122.915257,PM-03,09F11,WB,Double,09F09,2 HOUR METER
49.201696,-122.911898,PM-03,00J13,NB,Double,00J11,2 HOUR METER
49.222655,-122.892839,PM-04,A0101,NB,Double,A0103,10 HOUR METER
49.222899,-122.893055,PM-04,A0102,SB,Single,,10 HOUR METER
49.222655,-122.892839,PM-04,A0103,NB,Double,A0101,10 HOUR METER
49.223013,-122.893051,PM-04,A0104,SB,Double,A0106,10 HOUR METER
49.222765,-122.892835,PM-04,A0105,NB,Double,A0107,10 HOUR METER
49.223013,-122.893051,PM-04,A0106,SB,Double,A0104,10 HOUR METER
49.222765,-122.892835,PM-04,A0107,NB,Double,A0105,10 HOUR METER
49.223183,-122.893045,PM-04,A0108,SB,Single,,10 HOUR METER
49.222868,-122.892834,PM-04,A0109,NB,Single,,10 HOUR METER
49.223019,-122.892829,PM-04,A0111,NB,Single,,10 HOUR METER
49.223516,-122.89282,PM-04,A0113,NB,Double,A0115,10 HOUR METER
49.223516,-122.89282,PM-04,A0115,NB,Double,A0113,10 HOUR METER
49.223632,-122.892816,PM-04,A0117,NB,Double,A0119,10 HOUR METER
49.223632,-122.892816,PM-04,A0119,NB,Double,A0117,10 HOUR METER
49.223745,-122.892813,PM-04,A0201,NB,Double,A0203,10 HOUR METER
49.223917,-122.893034,PM-04,A0202,SB,Single,,10 HOUR METER
49.223745,-122.892813,PM-04,A0203,NB,Double,A0201,10 HOUR METER
49.22404,-122.893031,PM-04,A0204,SB,Single,,10 HOUR METER
49.223857,-122.892809,PM-04,A0205,NB,Double,A0207,10 HOUR METER
49.224131,-122.89303,PM-04,A0206,SB,Double,A0208,10 HOUR METER
49.223857,-122.892809,PM-04,A0207,NB,Double,A0205,10 HOUR METER
49.224131,-122.89303,PM-04,A0208,SB,Double,A0206,10 HOUR METER
49.223969,-122.892807,PM-04,A0209,NB,Double,A0211,10 HOUR METER
49.224306,-122.893025,PM-04,A0210,SB,Single,,10 HOUR METER
49.223969,-122.892807,PM-04,A0211,NB,Double,A0209,10 HOUR METER
49.224423,-122.893023,PM-01,A0212,SB,Double,A0214,15 MINUTE METER
49.224082,-122.892803,PM-04,A0213,NB,Double,A0215,10 HOUR METER
49.224423,-122.893023,PM-01,A0214,SB,Double,A0212,15 MINUTE METER
49.224082,-122.892803,PM-04,A0215,NB,Double,A0213,10 HOUR METER
49.224839,-122.893,PM-03,A0216,SB,Double,A0218,2 HOUR METER
49.224196,-122.892799,PM-04,A0217,NB,Double,A0219,10 HOUR METER
49.224839,-122.893,PM-03,A0218,SB,Double,A0216,2 HOUR METER
49.224196,-122.892799,PM-04,A0219,NB,Double,A0217,10 HOUR METER
49.224951,-122.892998,PM-03,A0220,SB,Double,A0222,2 HOUR METER
49.22431,-122.892796,PM-04,A0221,NB,Double,A0223,10 HOUR METER
49.224951,-122.892998,PM-03,A0222,SB,Double,A0220,2 HOUR METER
49.22431,-122.892796,PM-04,A0223,NB,Double,A0221,10 HOUR METER
49.225195,-122.892991,PM-03,A0224,SB,Double,A0226,2 HOUR METER
49.224426,-122.892793,PM-04,A0225,NB,Double,A0227,10 HOUR METER
49.225195,-122.892991,PM-03,A0226,SB,Double,A0224,2 HOUR METER
49.224426,-122.892793,PM-04,A0227,NB,Double,A0225,10 HOUR METER
49.224787,-122.892785,PM-04,A0229,NB,Double,A0231,10 HOUR METER
49.224787,-122.892785,PM-04,A0231,NB,Double,A0229,10 HOUR METER
49.2249,-122.892781,PM-04,A0233,NB,Double,A0235,10 HOUR METER
49.2249,-122.892781,PM-04,A0235,NB,Double,A0233,10 HOUR METER
49.22501,-122.892778,PM-04,A0237,NB,Double,A0239,10 HOUR METER
49.22501,-122.892778,PM-04,A0239,NB,Double,A0237,10 HOUR METER
49.225121,-122.892775,PM-04,A0241,NB,Double,A0243,10 HOUR METER
49.225121,-122.892775,PM-04,A0243,NB,Double,A0241,10 HOUR METER
49.225235,-122.892772,PM-04,A0245,NB,Double,A0247,10 HOUR METER
49.225235,-122.892772,PM-04,A0247,NB,Double,A0245,10 HOUR METER
49.225346,-122.892767,PM-04,A0249,NB,Double,A0251,10 HOUR METER
49.225346,-122.892767,PM-04,A0251,NB,Double,A0249,10 HOUR METER
49.2263,-122.892757,PM-03,A0301,NB,Double,A0303,2 HOUR METER
49.225882,-122.892976,PM-03,A0302,SB,Single,,2 HOUR METER
49.2263,-122.892757,PM-03,A0303,NB,Double,A0301,2 HOUR METER
49.225974,-122.892973,PM-03,A0304,SB,Double,A0306,2 HOUR METER
49.225974,-122.892973,PM-03,A0306,SB,Double,A0304,2 HOUR METER
49.226081,-122.892968,PM-03,A0308,SB,Double,A0310,2 HOUR METER
49.226081,-122.892968,PM-03,A0310,SB,Double,A0308,2 HOUR METER
49.22619,-122.892964,PM-03,A0312,SB,Double,A0312,2 HOUR METER
49.22619,-122.892964,PM-03,A0314,SB,Double,A0310,2 HOUR METER
49.226618,-122.892953,PM-02,A0316,SB,Single,,30 MINUTE METER
49.226724,-122.892952,PM-02,A0318,SB,Double,A0320,30 MINUTE METER
49.226724,-122.892952,PM-02,A0320,SB,Double,A0318,30 MINUTE METER
49.227001,-122.892943,PM-03,A0322,SB,Single,,2 HOUR METER
49.227108,-122.892941,PM-03,A0324,SB,Double,A0326,2 HOUR METER
49.227108,-122.892941,PM-03,A0326,SB,Double,A0324,2 HOUR METER
49.227218,-122.892936,PM-03,A0328,SB,Double,A0330,2 HOUR METER
49.227218,-122.892936,PM-03,A0330,SB,Double,A0328,2 HOUR METER
49.22733,-122.892935,PM-03,A0332,SB,Double,A0334,2 HOUR METER
49.22733,-122.892935,PM-03,A0334,SB,Double,A0332,2 HOUR METER
49.227445,-122.892932,PM-03,A0336,SB,Double,A0338,2 HOUR METER
49.227445,-122.892932,PM-03,A0338,SB,Double,A0336,2 HOUR METER
49.228283,-122.892704,PM-03,A0401,NB,Double,A0403,2 HOUR METER
49.228075,-122.892915,PM-03,A0402,SB,Single,,2 HOUR METER
49.228283,-122.892704,PM-03,A0403,NB,Double,A0401,2 HOUR METER
49.228184,-122.892912,PM-03,A0404,SB,Double,A0406,2 HOUR METER
49.228403,-122.8927,PM-03,A0405,NB,Double,A0407,2 HOUR METER
49.228184,-122.892912,PM-03,A0406,SB,Double,A0404,2 HOUR METER
49.228403,-122.8927,PM-03,A0407,NB,Double,A0405,2 HOUR METER
49.228297,-122.892908,PM-03,A0408,SB,Double,A0410,2 HOUR METER
49.228629,-122.892695,PM-03,A0409,NB,Double,A0411,2 HOUR METER
49.228297,-122.892908,PM-03,A0410,SB,Double,A0408,2 HOUR METER
49.228629,-122.892695,PM-03,A0411,NB,Double,A0409,2 HOUR METER
49.228414,-122.892905,PM-03,A0412,SB,Double,A0414,2 HOUR METER
49.228744,-122.892692,PM-03,A0413,NB,Double,A0415,2 HOUR METER
49.228414,-122.892905,PM-03,A0414,SB,Double,A0412,2 HOUR METER
49.228744,-122.892692,PM-03,A0415,NB,Double,A0413,2 HOUR METER
49.228663,-122.892896,PM-03,A0416,SB,Single,,2 HOUR METER
49.228835,-122.892689,PM-03,A0417,NB,Double,A0419,2 HOUR METER
49.228715,-122.892897,PM-03,A0418,SB,Double,A0420,2 HOUR METER
49.228835,-122.892689,PM-03,A0419,NB,Double,A0417,2 HOUR METER
49.228715,-122.892897,PM-03,A0420,SB,Double,A0418,2 HOUR METER
49.228955,-122.892685,PM-03,A0421,NB,Double,A0423,2 HOUR METER
49.228832,-122.892894,PM-03,A0422,SB,Double,A0424,2 HOUR METER
49.228955,-122.892685,PM-03,A0423,NB,Double,A0421,2 HOUR METER
49.228832,-122.892894,PM-03,A0424,SB,Double,A0422,2 HOUR METER
49.229074,-122.892681,PM-03,A0425,NB,Double,A0427,2 HOUR METER
49.228948,-122.89289,PM-03,A0426,SB,Double,A0428,2 HOUR METER
49.229074,-122.892681,PM-03,A0427,NB,Double,A0425,2 HOUR METER
49.228948,-122.89289,PM-03,A0428,SB,Double,A0426,2 HOUR METER
49.229195,-122.892677,PM-03,A0429,NB,Double,A0431,2 HOUR METER
49.229198,-122.892882,PM-03,A0430,SB,Double,A0432,2 HOUR METER
49.229195,-122.892677,PM-03,A0431,NB,Double,A0429,2 HOUR METER
49.229198,-122.892882,PM-03,A0432,SB,Double,A0430,2 HOUR METER
49.229317,-122.892676,PM-03,A0433,NB,Double,A0435,2 HOUR METER
49.229747,-122.892869,PM-03,A0434,SB,Double,A0436,2 HOUR METER
49.229317,-122.892676,PM-03,A0435,NB,Double,A0433,2 HOUR METER
49.229747,-122.892869,PM-03,A0436,SB,Double,A0434,2 HOUR METER
49.22958,-122.892668,PM-03,A0437,NB,Double,A0439,2 HOUR METER
49.229864,-122.892867,PM-03,A0438,SB,Double,A0440,2 HOUR METER
49.22958,-122.892668,PM-03,A0439,NB,Double,A0437,2 HOUR METER
49.229864,-122.892867,PM-03,A0440,SB,Double,A0438,2 HOUR METER
49.230362,-122.892653,PM-03,A0441,NB,Double,A0443,2 HOUR METER
49.229981,-122.892864,PM-03,A0442,SB,Double,A0444,2 HOUR METER
49.230362,-122.892653,PM-03,A0443,NB,Double,A0441,2 HOUR METER
49.229981,-122.892864,PM-03,A0444,SB,Double,A0442,2 HOUR METER
49.230471,-122.892644,PM-03,A0445,NB,Double,A0447,2 HOUR METER
49.2301,-122.892861,PM-02,A0446,SB,Double,A0448,30 MINUTE METER
49.230471,-122.892644,PM-03,A0447,NB,Double,A0445,2 HOUR METER
49.2301,-122.892861,PM-02,A0448,SB,Double,A0446,30 MINUTE METER
49.230619,-122.892643,PM-03,A0449,NB,Double,A0451,2 HOUR METER
49.230404,-122.892848,PM-03,A0450,SB,Double,A0452,2 HOUR METER
49.230619,-122.892643,PM-03,A0451,NB,Double,A0449,2 HOUR METER
49.230404,-122.892848,PM-03,A0452,SB,Double,A0450,2 HOUR METER
49.230724,-122.892639,PM-03,A0453,NB,Double,A0455,2 HOUR METER
49.23052,-122.892846,PM-01,A0454,SB,Double,A0456,15 MINUTE METER
49.230724,-122.892639,PM-03,A0455,NB,Double,A0453,2 HOUR METER
49.23052,-122.892846,PM-03,A0456,SB,Double,A0454,2 HOUR METER
49.230813,-122.892637,PM-03,A0457,NB,Single,,2 HOUR METER
49.230639,-122.892843,PM-03,A0458,SB,Single,,2 HOUR METER
49.23093,-122.892635,PM-03,A0459,NB,Double,A0461,2 HOUR METER
49.230875,-122.892837,PM-03,A0460,SB,Double,A0462,2 HOUR METER
49.23093,-122.892635,PM-03,A0461,NB,Double,A0459,2 HOUR METER
49.230875,-122.892837,PM-03,A0462,SB,Double,A0460,2 HOUR METER
49.231083,-122.892629,PM-03,A0463,NB,Double,A0465,2 HOUR METER
49.231083,-122.892629,PM-03,A0465,NB,Double,A0463,2 HOUR METER
49.225586,-122.891343,PM-04,B0201,WB,Double,B0203,10 HOUR METER
49.225482,-122.891262,PM-04,B0202,EB,Single,,10 HOUR METER
49.225586,-122.891343,PM-04,B0203,WB,Double,B0201,10 HOUR METER
49.225485,-122.891436,PM-04,B0204,EB,Double,B0206,10 HOUR METER
49.225588,-122.891511,PM-04,B0205,WB,Double,B0207,10 HOUR METER
49.225485,-122.891436,PM-04,B0206,EB,Double,B0204,10 HOUR METER
49.225588,-122.891511,PM-04,B0207,WB,Double,B0205,10 HOUR METER
49.225488,-122.89161,PM-04,B0208,EB,Double,B0210,10 HOUR METER
49.22559,-122.891678,PM-04,B0209,WB,Double,B0211,10 HOUR METER
49.225488,-122.89161,PM-04,B0210,EB,Double,B0208,10 HOUR METER
49.22559,-122.891678,PM-04,B0211,WB,Double,B0209,10 HOUR METER
49.22549,-122.891877,PM-04,B0212,EB,Single,,10 HOUR METER
49.225591,-122.891849,PM-04,B0213,WB,Double,B0215,10 HOUR METER
49.225491,-122.892035,PM-04,B0214,EB,Double,B0216,10 HOUR METER
49.225591,-122.891849,PM-04,B0215,WB,Double,B0213,10 HOUR METER
49.225491,-122.892035,PM-04,B0216,EB,Double,B0214,10 HOUR METER
49.225592,-122.892018,PM-04,B0217,WB,Double,B0219,10 HOUR METER
49.225498,-122.892421,PM-04,B0218,EB,Double,B0220,10 HOUR METER
49.225592,-122.892018,PM-04,B0219,WB,Double,B0217,10 HOUR METER
49.225498,-122.892421,PM-04,B0220,EB,Double,B0218,10 HOUR METER
49.225595,-122.892188,PM-04,B0221,WB,Double,B0223,10 HOUR METER
49.225595,-122.892188,PM-04,B0223,WB,Double,B0221,10 HOUR METER
49.225598,-122.89236,PM-04,B0225,WB,Double,B0227,10 HOUR METER
49.225598,-122.89236,PM-04,B0227,WB,Double,B0225,10 HOUR METER
49.225599,-122.892528,PM-04,B0229,WB,Double,B0331,10 HOUR METER
49.225599,-122.892528,PM-04,B0231,WB,Double,B0229,10 HOUR METER
49.225607,-122.893259,PM-03,B0301,WB,Double,B0303,2 HOUR METER
49.225511,-122.893274,PM-03,B0302,EB,Double,B0304,2 HOUR METER
49.225607,-122.893259,PM-03,B0303,WB,Double,B0301,2 HOUR METER
49.225511,-122.893274,PM-03,B0304,EB,Double,B0302,2 HOUR METER
49.225514,-122.893448,PM-03,B0306,EB,Double,B0308,2 HOUR METER
49.225514,-122.893448,PM-03,B0308,EB,Double,B0306,2 HOUR METER
49.225515,-122.893618,PM-03,B0310,EB,Double,B0312,2 HOUR METER
49.225515,-122.893618,PM-03,B0312,EB,Double,B0310,2 HOUR METER
49.227944,-122.892501,PM-03,C0201,WB,Double,C0203,2 HOUR METER
49.227812,-122.888064,PM-04,C0202,EB,Double,C0204,10 HOUR METER
49.227944,-122.892501,PM-03,C0203,WB,Double,C0201,2 HOUR METER
49.227812,-122.888064,PM-04,C0204,EB,Double,C0202,10 HOUR METER
49.227819,-122.888587,PM-04,C0206,EB,Double,C0208,10 HOUR METER
49.227819,-122.888587,PM-04,C0208,EB,Double,C0206,10 HOUR METER
49.227821,-122.888762,PM-04,C0210,EB,Double,C0212,10 HOUR METER
49.227821,-122.888762,PM-04,C0212,EB,Double,C0210,10 HOUR METER
49.227824,-122.88894,PM-04,C0214,EB,Double,C0216,10 HOUR METER
49.227824,-122.88894,PM-04,C0216,EB,Double,C0214,10 HOUR METER
49.227826,-122.889117,PM-04,C0218,EB,Double,C0220,10 HOUR METER
49.227826,-122.889117,PM-04,C0220,EB,Double,C0218,10 HOUR METER
49.227828,-122.889284,PM-04,C0222,EB,Double,C0224,10 HOUR METER
49.227828,-122.889284,PM-04,C0224,EB,Double,C0222,10 HOUR METER
49.227803,-122.889835,PM-04,C0226,EB,Single,,10 HOUR METER
49.227807,-122.890133,PM-04,C0228,EB,Single,,10 HOUR METER
49.227809,-122.890309,PM-04,C0230,EB,Double,C0232,10 HOUR METER
49.227809,-122.890309,PM-04,C0232,EB,Double,C0230,10 HOUR METER
49.227812,-122.890479,PM-04,C0234,EB,Double,C0236,10 HOUR METER
49.227812,-122.890479,PM-04,C0236,EB,Double,C0234,10 HOUR METER
49.227815,-122.890853,PM-04,C0238,EB,Single,,10 HOUR METER
49.227817,-122.891014,PM-04,C0240,EB,Double,C0242,10 HOUR METER
49.227817,-122.891014,PM-04,C0242,EB,Double,C0240,10 HOUR METER
49.227819,-122.891221,PM-04,C0244,EB,Single,,10 HOUR METER
49.227826,-122.891713,PM-04,C0246,EB,Double,C0248,10 HOUR METER
49.227828,-122.891879,PM-04,C0250,EB,Double,C0252,10 HOUR METER
49.227828,-122.891879,PM-04,C0252,EB,Double,C0250,10 HOUR METER
49.22783,-122.892058,PM-04,C0254,EB,Double,C0256,10 HOUR METER
49.22783,-122.892058,PM-04,C0256,EB,Double,C0254,10 HOUR METER
49.227831,-122.892233,PM-04,C0258,EB,Double,C0260,10 HOUR METER
49.227831,-122.892233,PM-04,C0260,EB,Double,C0258,10 HOUR METER
49.227834,-122.892408,PM-04,C0262,EB,Double,C0264,10 HOUR METER
49.227834,-122.892408,PM-04,C0264,EB,Double,C0262,10 HOUR METER
49.230218,-122.893256,PM-03,D0302,EB,Double,D0304,2 HOUR METER
49.230218,-122.893256,PM-03,D0304,EB,Double,D0302,2 HOUR METER
